instance_seed,alpha,reps,tuning_seed,achieved_H,ideal_opt_mass,feasibility,qubo_min_is_optimum,params
2,0.003,2,1,0.00695739,0.09355048,0.04673831,False,"[2.4285977062273454, 2.7362795295681037, 2.739061721529581, 6.54515566001973]"
2,0.003,2,2,0.01266015,0.08129151,0.02023111,False,"[1.9941970675167977, 0.5810203139395477, 4.730184596992135, -1.9476117510869213]"
2,0.003,2,3,0.00674621,0.09268225,0.04925773,False,"[-0.6930158860496328, 2.737264475944283, 2.954687497515968, 6.462517521846727]"
2,0.003,2,4,0.01616327,0.07714778,0.02554218,False,"[1.9611018904116206, 0.6153634964920904, 4.770002344230366, -1.476426510097793]"
2,0.003,2,5,0.01015045,0.08226795,0.02077852,False,"[1.9895954373647435, 0.5464787123747039, 4.055548863387579, -2.5969198330290393]"
2,0.003,2,6,0.00782174,0.08968317,0.05737239,False,"[-0.6998434706145682, 2.730325457406207, 3.4220234220240098, 6.211449055662134]"
2,0.003,2,7,0.00637847,0.09404768,0.04600749,False,"[2.4433289928416007, 2.731477419091313, 2.810930000485586, 6.616228094463104]"
2,0.003,2,8,0.0108283,0.08358904,0.02041408,False,"[2.0130007470492006, 0.5435617192057496, 4.402265197539776, -2.319718807118672]"
2,0.003,2,9,0.01585414,0.08549526,0.04687172,False,"[2.6790765727928845, 2.842140639510807, 3.8820303015932076, 5.163302339838321]"
2,0.003,2,10,0.01130416,0.08478152,0.05728731,False,"[2.531613873894097, 2.7813607203736765, 3.5248217806624127, 5.784606923802306]"
2,0.003,2,11,0.00867009,0.08575838,0.01688238,False,"[1.1335380823742824, 2.638066455426158, -3.6039362692369754, 3.4554106109350204]"
2,0.003,2,12,0.01433272,0.07807555,0.02223666,False,"[1.9787655717118682, 0.5826785987929227, 4.810518526627965, -1.7011873270017943]"
2,0.003,2,13,0.01672738,0.08368248,0.05009669,False,"[2.6707189871262975, 2.8062115921442357, 3.2146695061668513, 5.027159044028695]"
2,0.003,2,14,0.01031201,0.08785499,0.05407484,False,"[-0.6904966925868505, 2.7344834486126652, 2.705865934951354, 5.987893900887959]"
2,0.003,2,15,0.01148895,0.08739734,0.05162782,False,"[2.4654131574899187, 2.7389173492147445, 2.4162964442192254, 5.957199229882125]"
2,0.003,2,16,0.01244509,0.07860645,0.01833045,False,"[1.2117754658114115, 2.6316362465586356, -2.5340630229461243, 4.259861936963585]"
2,0.003,2,17,0.01309271,0.07952631,0.02423662,False,"[1.9802366555256896, 0.5757444784176529, 4.4419353597237, -1.9366237312654129]"
2,0.003,2,18,0.02675151,0.07911589,0.03810109,False,"[2.857858761806708, -0.29848715901020006, 4.182178178976126, 2.6584326972461083]"
2,0.003,2,19,0.02309674,0.08098492,0.04626105,False,"[-0.35058729703430475, 2.8038234238240056, 3.0888666474211046, 3.98603355769383]"
2,0.003,2,20,0.02367927,0.07731307,0.05554712,False,"[-0.4626576954206035, 2.7350433067889637, 1.9255973111005877, 4.66292004412963]"
2,0.003,2,21,0.02517474,0.07875103,0.04907332,False,"[2.809683974351877, 2.7681887408114987, 2.609766999505172, 3.9668675522293686]"
2,0.003,2,22,0.01483108,0.08390322,0.01784177,False,"[1.1630339877921068, 2.659809534937053, -2.1768376231059827, 4.9029909570575345]"
2,0.003,2,23,0.02466613,0.08100868,0.04272941,False,"[2.823450143945515, 2.8377897927337434, 3.611805064673006, 3.4019882023758603]"
2,0.003,2,24,0.01112913,0.08523814,0.05790429,False,"[-0.6557265866883862, 2.735700338021216, 3.062245762289473, 5.794575321840952]"
2,0.003,2,25,0.00992217,0.08968505,0.04727232,False,"[2.461160876934149, 2.721585713692316, 2.4023260093625596, 6.235331680232069]"
2,0.003,2,26,0.0132189,0.08172762,0.01756393,False,"[1.1848795143065478, 2.654242379371882, -2.3955822049643145, 4.578628124046516]"
2,0.003,2,27,0.01529317,0.08435026,0.0522599,False,"[2.4584583905723165, 2.725015682091682, 1.9499429489836573, 5.7073891669784205]"
2,0.003,2,28,0.00840037,0.08909348,0.05542835,False,"[2.4570339885892953, 2.7367099127525343, 3.177048705530935, 6.140440728336199]"
2,0.003,2,29,0.02726085,0.07841108,0.0404584,False,"[2.868200031047669, 2.827269430588939, 3.9572663743338756, 2.652465665927032]"
2,0.003,2,30,0.01648765,0.08330863,0.05142456,False,"[-0.4865677112603766, 2.79480201049929, 3.07604487015502, 5.095843196059575]"
2,0.003,2,31,0.01210196,0.08523506,0.01659986,False,"[1.1514460100840351, 2.66145038884364, -2.6123481872104537, 4.562394177090688]"
2,0.003,2,32,0.01117322,0.07813207,0.02467162,False,"[1.1966832515936436, 2.58930065825037, -3.4677109887366315, 2.8489607226040983]"
2,0.003,2,33,0.01420426,0.08033046,0.0201148,False,"[1.1972057528702316, 2.635164096211478, -2.2147599989806377, 4.513373036395808]"
2,0.003,2,34,0.00723089,0.09139534,0.05378343,False,"[2.4247770435259857, 2.74727685544141, 3.158362952016644, 6.3308558052015425]"
2,0.003,2,35,0.02340799,0.07907334,0.05363604,False,"[2.7198679371736043, -0.3798233450993538, 2.1393231312758907, 4.556391539376087]"
2,0.003,2,36,0.02488202,0.07987519,0.04506239,False,"[2.8229597423571136, 2.8097810202473426, 3.3065690467559437, 3.5312329431738787]"
2,0.003,2,37,0.01778085,0.0831044,0.05124297,False,"[2.657411142242569, 2.7835224080944347, 2.5695969782241255, 5.088714645387999]"
2,0.003,2,38,0.01394007,0.07727654,0.02516519,False,"[1.944270382768384, 0.6191702317099939, 4.395369085671289, -1.8548163890307288]"
2,0.003,2,39,0.01196913,0.0792631,0.01743326,False,"[1.2041766225489872, 2.6280365325226787, -2.6284875827678746, 4.261889998627357]"
2,0.003,2,40,0.02683703,0.0776659,0.04135826,False,"[2.875830954698741, 2.7806874034173266, 3.5500193403754006, 3.06942419373274]"
2,0.006,2,1,0.10322273,0.09525656,0.1546265,False,"[2.409606132192331, 2.769460972938592, 2.1468856488912644, 4.908504537013715]"
2,0.006,2,2,0.1087966,0.10502529,0.10905555,False,"[2.14961501591527, 0.5612868929160675, 3.6843398346177967, -1.3436477102332163]"
2,0.006,2,3,0.09577055,0.09950402,0.16714307,False,"[2.430657822672143, 2.7423468450673787, 2.8198321650534015, 5.139829999640451]"
2,0.006,2,4,0.1121895,0.07250003,0.17810866,False,"[2.363983156282847, 2.713886278887514, 2.46249990459422, 3.925157282271846]"
2,0.006,2,5,0.09887588,0.091468,0.17292709,False,"[2.418179458250154, 2.7307642858759777, 2.8274288915317207, 4.798931386077757]"
2,0.006,2,6,0.10784452,0.11140732,0.09674289,False,"[4.1350252879713425, 2.658264610796766, -3.0602399174495187, 2.1943527485489835]"
2,0.006,2,7,0.10826486,0.08621515,0.15853957,False,"[2.3704009134757844, 2.7529517022570094, 1.96165446222386, 4.493998447206545]"
2,0.006,2,8,0.10439543,0.0876593,0.16476966,False,"[2.3879474961749856, 2.7464205149101195, 2.3000359171886346, 4.569436689940083]"
2,0.006,2,9,0.09874436,0.09320505,0.17021686,False,"[2.420880704468124, 2.738213935782464, 2.747315086549613, 4.845619656848024]"
2,0.006,2,10,0.12947203,0.08456988,0.13353481,False,"[2.8445699798493087, 2.9969540538389734, 3.2741760018585917, 3.258337788905449]"
2,0.006,2,11,0.12324952,0.08326324,0.12087504,False,"[1.1002534330072236, 2.724982577567486, -1.421374918900611, 3.001001906246145]"
2,0.006,2,12,0.10472799,0.08536904,0.16818876,False,"[2.382915122359675, 2.7397900897977725, 2.376555482041029, 4.483180487645776]"
2,0.006,2,13,0.10274074,0.09766658,0.1516644,False,"[2.4144821819760747, 2.772995651942848, 2.126365296090139, 5.032341929637059]"
2,0.006,2,14,0.10919119,0.07784446,0.17403146,False,"[2.376062781976894, 2.709814846288287, 2.407857491756248, 4.135387479609086]"
2,0.006,2,15,0.10417923,0.0905483,0.15971137,False,"[2.3857318389632733, 2.746644576637124, 2.198198531449498, 4.70686811588199]"
2,0.006,2,16,0.11419127,0.09491665,0.12330872,False,"[1.001878144862719, 2.7018787594538836, -2.2033920148576094, 2.3924757141900868]"
2,0.006,2,17,0.1324487,0.07315977,0.15602803,False,"[2.897754600102779, -0.20064013725891292, 2.422348651429231, 2.474064954690594]"
2,0.006,2,18,0.11113231,0.09592983,0.12798261,False,"[2.1693639987048754, 3.654649222612085, 3.1692573339124213, -1.3374916453583285]"
2,0.006,2,19,0.10958677,0.07809389,0.17185234,False,"[2.3692845628445793, 2.731612887278928, 2.296103452523375, 4.133412148618189]"
2,0.006,2,20,0.1083092,0.0882675,0.1553724,False,"[2.388429873578896, 2.759844919411824, 1.9063342505893865, 4.561082452198808]"
2,0.006,2,21,0.112846,0.0917125,0.13377589,False,"[5.288833613460365, 0.5056389890670288, 2.7572113401585643, -1.5083617469320818]"
2,0.006,2,22,0.11586291,0.09240325,0.1251618,False,"[1.0068586258178203, 2.7181833899936696, -2.0379036809313757, 2.525725256022374]"
2,0.006,2,23,0.13151843,0.07761225,0.14618078,False,"[2.8787702180992722, 2.9765240022298416, 2.9574113670812805, 2.584761533202107]"
2,0.006,2,24,0.10339055,0.08013309,0.1869839,False,"[2.416982199911331, -0.44742028107302584, 3.2521216249175615, 4.488748872995567]"
2,0.006,2,25,0.11352927,0.08118411,0.15755681,False,"[2.352385963533849, 2.7583332984200206, 1.677279058832531, 4.246966501864628]"
2,0.006,2,26,0.10213129,0.09435429,0.15839035,False,"[2.4040614634865984, 2.754110955723684, 2.2745483427646254, 4.867039517186429]"
2,0.006,2,27,0.13149821,0.07397948,0.15617982,False,"[2.897604829896726, 2.932765378142665, 2.2882325912506665, 2.675360881379436]"
2,0.006,2,28,0.12949321,0.0750936,0.15654364,False,"[2.8402390356328637, 2.8997063079853826, 1.6360922179762354, 3.305046877596815]"
2,0.006,2,29,0.1314606,0.07261543,0.15816241,False,"[2.8260460116203445, 2.8742719330279107, 1.294391361789313, 3.346903058076194]"
2,0.006,2,30,0.10765132,0.08943951,0.15479333,False,"[2.3928272138292535, 2.759398211104624, 1.9311425708765328, 4.612844551287783]"
2,0.006,2,31,0.10975557,0.07433011,0.17993614,False,"[2.370351365639111, -0.4353420282128954, 2.605615717602598, 4.05204090402571]"
2,0.006,2,32,0.12667696,0.08121203,0.14714557,False,"[2.8445929366362037, 2.9479941116375983, 2.4011597779276577, 3.329941032941585]"
2,0.006,2,33,0.11681202,0.09303864,0.12534641,False,"[0.9831760965310331, 2.7470923552293978, -2.0118006992823796, 2.703176500856774]"
2,0.006,2,34,0.09554723,0.0955269,0.17938494,False,"[2.451460773062984, 2.7216900718843093, 3.2828924135926028, 5.037697407746679]"
2,0.006,2,35,0.12726663,0.0781297,0.15325426,False,"[-0.31489024191179915, -0.24305124204832954, 1.6313757408803105, 3.573662949142185]"
2,0.006,2,36,0.11477648,0.07678812,0.16404471,False,"[2.353051517656558, 2.7500557296927517, 1.8127766859460726, 4.0112191242203314]"
2,0.006,2,37,0.10721576,0.08700372,0.15951151,False,"[2.376680689095294, 2.749819672638674, 2.038185544783359, 4.523771493262896]"
2,0.006,2,38,0.09878362,0.08927947,0.18086427,False,"[2.439378265721481, -0.4298058881071329, 3.186164310556109, 4.772399113785693]"
2,0.006,2,39,0.11443309,0.09528351,0.12033548,False,"[4.149322001113324, 2.7091852489563504, -2.1835033175819376, 2.478983015311603]"
2,0.006,2,40,0.13158263,0.0752861,0.15219348,False,"[2.8877480487609484, 2.9597943294577456, 2.667928841466366, 2.5450354504752197]"
2,0.01,2,1,0.16407463,0.07776996,0.29892131,True,"[2.513080507274518, 2.7778969550404917, 2.1461605648888495, 4.07435742527947]"
2,0.01,2,2,0.1714294,0.07011386,0.28224321,True,"[2.452405059533596, 2.761195210725308, 1.871284546528722, 3.427855483350942]"
2,0.01,2,3,0.22681206,0.04583511,0.26512795,True,"[1.2725027318035735, 1.5235554571149885, 2.2607921076365174, 2.911184924607012]"
2,0.01,2,4,0.16820595,0.07572655,0.29333124,True,"[2.482716310783334, 2.7331336462849176, 2.23091091818498, 3.3755147173396214]"
2,0.01,2,5,0.2024611,0.05333802,0.24595871,True,"[2.318525113071127, 2.738978140404784, 1.24426405028477, 2.466851614922418]"
2,0.01,2,6,0.20604905,0.04793947,0.24543436,True,"[-0.27313675868423093, 3.009140530506579, 2.023394289020864, 2.5473962317580807]"
2,0.01,2,7,0.19067488,0.05629286,0.25086015,True,"[2.407052324651724, 2.806482948631471, 1.2066855746661764, 3.1252604335071488]"
2,0.01,2,8,0.21009393,0.04661051,0.24568786,True,"[-0.24332078891226325, 2.9888715387960074, 1.8046257628168751, 2.0622438305698525]"
2,0.01,2,9,0.16314799,0.07966379,0.30423243,True,"[2.494373005447247, 2.7472939442001256, 2.3801488429845454, 3.6368272914492104]"
2,0.01,2,10,0.19394486,0.05135997,0.24357593,True,"[-0.3955166922962454, -0.21319752373755974, 1.2214000843163915, 3.3077010073159]"
2,0.01,2,11,0.18140486,0.05093742,0.22680689,True,"[2.125033767730894, 0.6255132516645828, 2.836746039926316, -0.8379539988787511]"
2,0.01,2,12,0.18282043,0.05232977,0.23811607,True,"[2.1692428383774356, 0.5528105713539723, 2.4276077521331176, -0.9170804151645119]"
2,0.01,2,13,0.16727795,0.07438569,0.29012032,True,"[2.514436656672234, 2.7910118348912043, 1.9845165494368213, 4.037672645937836]"
2,0.01,2,14,0.1665254,0.07600455,0.29554855,True,"[2.474430426801556, 2.744798053429048, 2.220977238652799, 3.4536825102405078]"
2,0.01,2,15,0.16668338,0.07427455,0.29090207,True,"[2.502496817292237, 2.7862301367507256, 1.9964496107932663, 3.927745671189818]"
2,0.01,2,16,0.17228759,0.07052808,0.27682123,True,"[2.5637078127689588, -0.3102858665087328, 1.8567503516771748, 4.241752829438942]"
2,0.01,2,17,0.20716044,0.04721688,0.24554019,True,"[2.867746274383141, 2.9660523581329614, 1.4369819345656423, 2.355552245296932]"
2,0.01,2,18,0.18596308,0.06273869,0.26502635,True,"[2.3928586398944747, 2.7311566521538815, 1.6928428529010215, 2.8240085754011237]"
2,0.01,2,19,0.17611525,0.0685237,0.27780372,True,"[2.4388431279491947, 2.741628583824895, 1.9172654574478336, 3.1098382411343968]"
2,0.01,2,20,0.2206423,0.04353956,0.2402749,True,"[2.9805389613608173, -0.18929956776089255, 1.8259852222802881, 1.097835761085007]"
2,0.01,2,21,0.20770246,0.05663723,0.30887326,True,"[0.7402550183815841, 2.041883242378905, 2.619169241697424, -0.6018104971471634]"
2,0.01,2,22,0.21231732,0.05253858,0.29261644,True,"[0.8689258005061344, 1.9527700058106194, 2.764267829853197, -0.463120243745557]"
2,0.01,2,23,0.17562921,0.06717462,0.27540918,True,"[2.435635230345762, 2.758811750077577, 1.752798720145204, 3.2754097894252263]"
2,0.01,2,24,0.1704981,0.07305127,0.28778438,True,"[2.4599249656553064, 2.7342604478829964, 2.098184060447461, 3.2866784344271456]"
2,0.01,2,25,0.17144083,0.0711594,0.28409863,True,"[2.4543775581259943, 2.7456299477254555, 1.975183987814471, 3.303231481225697]"
2,0.01,2,26,0.1883229,0.05407876,0.24310467,True,"[2.6948701504322057, 2.9183519386427017, 1.3319216412559198, 3.617604496545007]"
2,0.01,2,27,0.19340543,0.05151181,0.24471321,True,"[2.7733080829179944, 2.945185244240927, 1.3887576372634673, 3.29981134791044]"
2,0.01,2,28,0.16147934,0.08113492,0.30752614,True,"[2.5048890051412713, 2.7484136728021706, 2.4093106704844476, 3.777351269178299]"
2,0.01,2,29,0.19888847,0.05566857,0.25103533,True,"[2.331216649665656, -0.40447400664201655, 1.406987040931542, 2.5138788629198565]"
2,0.01,2,30,0.16608476,0.07620887,0.29400947,True,"[2.522952229954622, 2.7844495954807003, 2.058009040572201, 4.097962699839431]"
2,0.01,2,31,0.16046898,0.08672979,0.32074365,True,"[2.540365061803381, 2.759287437078651, 2.6617076098810677, 4.255520007508252]"
2,0.01,2,32,0.19161086,0.05207083,0.2451686,True,"[2.7660898135996876, 2.9480357711677687, 1.4288984863546985, 3.408729512023765]"
2,0.01,2,33,0.18529576,0.0623257,0.26416921,True,"[2.3979001195197664, -0.40079383634801075, 1.6348961527218921, 2.8789308305902783]"
2,0.01,2,34,0.16316835,0.08003471,0.30453038,True,"[2.49418483325144, 2.741166106768714, 2.396104944404086, 3.6312322173663416]"
2,0.01,2,35,0.18138437,0.05092574,0.22682802,True,"[2.1232772467667145, 0.6240037398060675, 2.8107475685791843, -0.8382380383455704]"
2,0.01,2,36,0.16748009,0.07345204,0.28976893,True,"[5.613764856542786, 2.7584998569530685, 2.016905771998201, 3.5553047298768257]"
2,0.01,2,37,0.20872555,0.05436726,0.29630128,True,"[0.6721464033705975, 2.096750703636658, 2.5453092563643915, -0.5287437010137673]"
2,0.01,2,38,0.18999087,0.05294994,0.2444778,True,"[2.758299286618465, 2.945293354539133, 1.4906454447038644, 3.5119522184006318]"
2,0.01,2,39,0.19482365,0.05513506,0.24945084,True,"[2.3628867059722403, 2.777498091071953, 1.2046221380318154, 2.8274807872397956]"
2,0.01,2,40,0.20758389,0.05199239,0.28370345,True,"[0.5264201896315869, 2.258162336213329, 2.6820520609472283, -0.4299889689132597]"
2,0.0209,2,1,0.31086976,0.07015321,0.3948741,True,"[2.7709990384997236, 2.9575884197694124, 1.0024282728034026, 2.8220538776478974]"
2,0.0209,2,2,0.32820759,0.06261593,0.34865912,True,"[1.876221389703903, 0.906121066547493, 1.9052099297363212, -0.5219023728429639]"
2,0.0209,2,3,0.39345107,0.05041716,0.31816429,True,"[1.3013980397640386, 1.495870797820374, 1.1407421048549655, 1.6307528107450433]"
2,0.0209,2,4,0.31276936,0.0683826,0.38447014,True,"[2.7594314259721737, 2.954356897490912, 0.9374013736204234, 2.5946651027571606]"
2,0.0209,2,5,0.2912625,0.08184394,0.4441376,True,"[2.5426105156077305, 2.7589429027343035, 1.391022785835517, 2.015059337067858]"
2,0.0209,2,6,0.31840323,0.07166895,0.40918681,True,"[-0.3401406284738096, 2.9678277260419224, 1.1825322929101256, 3.487893776811947]"
2,0.0209,2,7,0.29134022,0.08253587,0.44738143,True,"[2.5473433886326102, 2.7603713857544325, 1.4087784480100767, 2.040125071713418]"
2,0.0209,2,8,0.3901247,0.05139662,0.32375779,True,"[1.2886599585969503, 1.4934381811365305, 1.1294433866102567, 1.9469439997660811]"
2,0.0209,2,9,0.41388406,0.04068526,0.27413026,True,"[1.2703290437146508, 2.9541874942258337, 1.2325883593317664, 3.1863468886981474]"
2,0.0209,2,10,0.33907856,0.06542587,0.39885533,True,"[0.2156641824656108, 2.9893525450629483, -1.2675416087514033, 4.3408665175979255]"
2,0.0209,2,11,0.31824268,0.0658319,0.37105455,True,"[2.755739738800689, 2.9513682466121254, 0.8751281627823656, 2.349883558605936]"
2,0.0209,2,12,0.31116656,0.06974962,0.39201967,True,"[-0.3733695325445926, -0.18548954560783742, 0.9876044189615544, 2.7488645710588067]"
2,0.0209,2,13,0.31152185,0.06938907,0.38984283,True,"[2.765953475351659, 2.9553956418268754, 0.9746443693727923, 2.6999515578545625]"
2,0.0209,2,14,0.31099729,0.07090842,0.39937766,True,"[2.7777387561055265, 2.9598285271113243, 1.0466356400855799, 2.9412687083785016]"
2,0.0209,2,15,0.31084252,0.07027352,0.39550036,True,"[2.771241775303215, 2.9574410650210874, 1.0056396570080022, 2.8367636963904808]"
2,0.0209,2,16,0.3108957,0.07017918,0.39464153,True,"[2.7708607137413397, -0.1843885121203409, 1.005339639447132, 2.812199842643947]"
2,0.0209,2,17,0.31759374,0.06622499,0.37278552,True,"[2.750029926794308, 2.947329232762666, 0.8601411340984702, 2.3785748844864845]"
2,0.0209,2,18,0.29467223,0.0855463,0.46177615,True,"[2.567272415622625, 2.7623141772346274, 1.4889348263543416, 2.163053471213633]"
2,0.0209,2,19,0.38241751,0.05422404,0.34173044,True,"[1.2891418571246416, 1.477282025301068, 1.3638499440100653, 3.8172684484686346]"
2,0.0209,2,20,0.32999673,0.06283257,0.35124758,True,"[2.4519256244792196, -0.37037950008519954, 0.9028182859113425, 1.5722922088869749]"
2,0.0209,2,21,0.29130684,0.08241489,0.44694254,True,"[2.5460254865210503, 2.75934540167868, 1.40713118814689, 2.0341842600649667]"
2,0.0209,2,22,0.29133701,0.08255095,0.44762505,True,"[2.546535075201217, -0.381813537527606, 1.4097539992976318, 2.0398256921078324]"
2,0.0209,2,23,0.30930262,0.0701387,0.38688282,True,"[2.4792175112253436, 2.760773380364049, 1.0699720710574143, 1.725380115482876]"
2,0.0209,2,24,0.2913158,0.08243415,0.44697055,True,"[2.5463021274599575, 2.760404271146211, 1.4070577190169986, 2.0362238140177813]"
2,0.0209,2,25,0.29177113,0.08038476,0.43682776,True,"[2.5349837411585843, 2.755702286176477, 1.3477108998229683, 1.9685194258218446]"
2,0.0209,2,26,0.29204328,0.07985956,0.43444816,True,"[2.532037094848728, 2.7557862049929382, 1.3453546612192548, 1.947604446327484]"
2,0.0209,2,27,0.2912792,0.08164982,0.44315946,True,"[2.5417326467295958, 2.7583638246329762, 1.3858934530520635, 2.0081159486749414]"
2,0.0209,2,28,0.29368365,0.08502151,0.45959173,True,"[2.560712394745475, 2.7649464765231073, 1.4703775745601912, 2.1450084222165087]"
2,0.0209,2,29,0.40260052,0.04735806,0.29951181,True,"[1.33165488145477, 1.5037471379411504, 1.2183667162239253, 0.7767156706695104]"
2,0.0209,2,30,0.31952126,0.07136259,0.40891487,True,"[2.7990121167911357, 2.96839368436158, 1.162469352187752, 3.552986143975056]"
2,0.0209,2,31,0.32390608,0.06480256,0.3697225,True,"[2.105807169967727, 0.6592446621762716, 1.4678525868373145, -0.4047357308020315]"
2,0.0209,2,32,0.29130698,0.08240769,0.44689996,True,"[2.5460279106944013, 2.7596533243792822, 1.4073481169611248, 2.034056112092214]"
2,0.0209,2,33,0.37661248,0.0552494,0.33976539,True,"[0.36035963716203867, -0.11879579935214513, -0.8883893880473673, 1.7292072892074024]"
2,0.0209,2,34,0.31206675,0.07147925,0.40373561,True,"[2.7858418516635566, 2.962263992307904, 1.090384267103168, 3.0908143302895983]"
2,0.0209,2,35,0.40965915,0.04514511,0.28521053,True,"[1.309131798947993, 1.5490805850592069, 1.350361577456889, 0.08822259007665148]"
2,0.0209,2,36,0.35675193,0.05566242,0.33280878,True,"[2.8596428451373677, 2.9902656616085017, 0.8726083728820831, 1.5268236475742318]"
2,0.0209,2,37,0.36540115,0.05581171,0.34267929,True,"[3.4423942514842283, 2.981568743303859, -0.6692053985104758, 2.162081285299071]"
2,0.0209,2,38,0.31661832,0.06523366,0.37478475,True,"[2.777761472872467, 2.9752877725682505, 0.9099997082914836, 2.467231013469098]"
2,0.0209,2,39,0.29898305,0.08690059,0.46959953,True,"[2.57007708643638, 2.7672364805129597, 1.5359700520035127, 2.2387931653602875]"
2,0.0209,2,40,0.35197676,0.05633492,0.33559047,True,"[2.8459546423390223, 2.992927131782999, 0.8695016932922729, 1.624514961174837]"
2,0.021,2,1,0.31204571,0.07004746,0.39442923,True,"[2.769444235472049, 2.9563839105857848, 0.9888707833961866, 2.78294005891021]"
2,0.021,2,2,0.32742332,0.06341594,0.35464478,True,"[1.9010146200865248, 0.8837620132087071, 1.8529559139662966, -0.49657317435716875]"
2,0.021,2,3,0.39484342,0.05039109,0.31798471,True,"[1.300886587844488, 1.4989385835263378, 1.1496105329770263, 1.6266009349411976]"
2,0.021,2,4,0.31612503,0.06714032,0.37853446,True,"[2.75196594206119, 2.9522476205871455, 0.8858537978461539, 2.4691905872422155]"
2,0.021,2,5,0.29228172,0.08182139,0.44475977,True,"[2.5427736347982455, 2.758780708245296, 1.3863766942238969, 2.00606878420951]"
2,0.021,2,6,0.3157972,0.07194201,0.4085481,True,"[-0.348097041059691, 2.962172828691012, 1.1211007800464856, 3.286579922948737]"
2,0.021,2,7,0.29228013,0.0819107,0.44520147,True,"[2.543336772641683, 2.7589026893364514, 1.3892833051324482, 2.008867114149116]"
2,0.021,2,8,0.39084961,0.05162318,0.32505963,True,"[1.2865751636057434, 1.4945089329282946, 1.1355617771091167, 2.001557976987567]"
2,0.021,2,9,0.41503408,0.04087637,0.27531518,True,"[1.2663179616304898, 2.9553248247657153, 1.1984766149357136, 3.1146997599748882]"
2,0.021,2,10,0.3435758,0.06547586,0.40126257,True,"[0.2229895548333934, 2.992843590851705, -1.3033939583713656, 4.671101303703535]"
2,0.021,2,11,0.32124194,0.06564062,0.36817217,True,"[2.7416771275217067, 2.943536065405715, 0.8495923622045128, 2.288242117043285]"
2,0.021,2,12,0.29398663,0.08456877,0.45807482,True,"[-0.582401734723025, -0.3787880573910553, 1.4554689271107852, 2.113464106659448]"
2,0.021,2,13,0.31262164,0.06930483,0.39031223,True,"[2.765458431422347, 2.9554790784960034, 0.9608455850276293, 2.6915546863329602]"
2,0.021,2,14,0.29320244,0.08388909,0.45472582,True,"[2.5550309724168474, 2.7631226955364774, 1.4373662828104132, 2.0863424060203695]"
2,0.021,2,15,0.31191842,0.07037197,0.39649123,True,"[2.772115602217291, 2.9575441477440934, 1.005123131620689, 2.8352314901164957]"
2,0.021,2,16,0.29323059,0.08390864,0.45473193,True,"[2.555872652100053, -0.3783304698381156, 1.4396394966041763, 2.0863174757495107]"
2,0.021,2,17,0.31554018,0.06748972,0.38001989,True,"[2.7555802258831292, 2.952873869457508, 0.9052781091846887, 2.4909540159898387]"
2,0.021,2,18,0.30518097,0.0725006,0.3987207,True,"[2.4921513663713046, 2.75239894985619, 1.1222263513417263, 1.765503253834435]"
2,0.021,2,19,0.38382402,0.05402346,0.34067583,True,"[1.2891285839249582, 1.4765134356780671, 1.3563573105357463, 3.8793178237168333]"
2,0.021,2,20,0.33396185,0.06346275,0.35647203,True,"[2.4405952736875802, -0.3560382209204, 0.8110807991951903, 1.6548499327624073]"
2,0.021,2,21,0.29231092,0.08228546,0.44702986,True,"[2.545522909375446, 2.7598122120111563, 1.399414521207225, 2.02222545715338]"
2,0.021,2,22,0.31305892,0.06901702,0.38820061,True,"[2.7632649103383233, -0.18646738203327973, 0.9565294503704435, 2.6449194291706726]"
2,0.021,2,23,0.30191806,0.07395817,0.40589135,True,"[2.499362958961969, 2.753804172064714, 1.1614071665053298, 1.7991483116867495]"
2,0.021,2,24,0.29228538,0.08197811,0.44549564,True,"[2.544126243919228, 2.7594185992971445, 1.3928675520168021, 2.010748977487024]"
2,0.021,2,25,0.29228939,0.08170509,0.44420918,True,"[2.5421527199714937, 2.758648775658002, 1.3847103792133943, 2.0014788536238424]"
2,0.021,2,26,0.30902769,0.07328018,0.40111739,True,"[2.5009970996042536, 2.778757807447698, 1.047143173235076, 1.8783476998453799]"
2,0.021,2,27,0.29231849,0.08147864,0.44304053,True,"[2.5409826892212255, 2.758310929655817, 1.376787302885729, 1.9947409854016165]"
2,0.021,2,28,0.2934755,0.08411794,0.45658309,True,"[2.552650355678025, 2.7602047482681833, 1.4431505623262126, 2.0932792183011366]"
2,0.021,2,29,0.40459151,0.04763069,0.30119542,True,"[1.3312086281553352, 1.5082317698021166, 1.2577193653191983, 0.7564473275993074]"
2,0.021,2,30,0.32329187,0.07088566,0.40869506,True,"[2.8075989683264604, 2.970274165762833, 1.184631208405669, 3.6522278807489257]"
2,0.021,2,31,0.32410997,0.06531188,0.3718344,True,"[2.0883094005214873, 0.6794781069207504, 1.5125246873967026, -0.4075437135807621]"
2,0.021,2,32,0.29230905,0.08226908,0.44698933,True,"[2.5454335413435945, 2.7592709553460097, 1.4002528315223304, 2.0205195594789025]"
2,0.021,2,33,0.37933501,0.0550752,0.33828581,True,"[0.39382349154760543, -0.12441143374524809, -0.8919141159691544, 1.4614577860858793]"
2,0.021,2,34,0.31661368,0.0721432,0.40949876,True,"[2.7903169691594334, 2.9631516890154805, 1.1332804381397654, 3.329076241076362]"
2,0.021,2,35,0.41173964,0.04523268,0.28594776,True,"[1.2945939889751403, 1.5659364330665821, 1.3668602686202083, 0.07705965434773256]"
2,0.021,2,36,0.35785784,0.05532195,0.33111328,True,"[2.8540697471655125, 2.9888969584521528, 0.8339228186623118, 1.5172013918086005]"
2,0.021,2,37,0.36679797,0.05535942,0.34022183,True,"[3.431766440466633, 2.976895072386638, -0.6446172066448213, 2.1535937238775125]"
2,0.021,2,38,0.3217664,0.06424531,0.36625516,True,"[2.7618094176171257, 2.962094978033035, 0.8543841222087737, 2.272096296227858]"
2,0.021,2,39,0.29251511,0.08283398,0.45018627,True,"[2.546510987764674, 2.759872424077646, 1.4186140455163174, 2.039495164708894]"
2,0.021,2,40,0.37035332,0.05403075,0.32775325,True,"[2.8920822778874573, 3.009201569003312, 1.004029436476149, 1.2904054766730928]"
2,0.03,2,1,0.41230808,0.07278454,0.44431002,True,"[2.8151552099333927, 2.965222931222388, 0.8526907669955701, 2.5123023946842973]"
2,0.03,2,2,0.4572467,0.06456803,0.40104911,True,"[0.5652725340516889, 2.2451690084126397, 1.15806919171909, -0.24631534953709325]"
2,0.03,2,3,0.49876648,0.0542033,0.34704098,True,"[1.2726456364718646, 1.4697921915823429, 0.8094813961813759, 1.9161222481843152]"
2,0.03,2,4,0.40563482,0.07132774,0.42910214,True,"[2.788526619997693, 2.9599869451223597, 0.7472272447064647, 2.064429004626752]"
2,0.03,2,5,0.37856573,0.07988234,0.48119117,True,"[2.5593189835816137, 2.758648684129636, 1.0474925836735998, 1.4493912309066677]"
2,0.03,2,6,0.37856358,0.07970926,0.48023438,True,"[2.558295776195838, 2.7583805839536613, 1.0438752551444683, 1.4449200214340556]"
2,0.03,2,7,0.37860938,0.079402,0.47838339,True,"[2.556892410457879, 2.7582111107642495, 1.0365609978283234, 1.4375646547280396]"
2,0.03,2,8,0.37856426,0.07970242,0.48019645,True,"[2.5581225451162255, 2.7584675522422377, 1.0434152357706594, 1.444877304993117]"
2,0.03,2,9,0.63973111,0.03137645,0.2115365,True,"[2.8833376989404083, 1.4510194896067643, 0.9457714624535327, 3.3494935917423554]"
2,0.03,2,10,0.54471765,0.04357208,0.292427,True,"[1.2981781048039127, 2.949526721125221, 0.9761347199509044, 2.950393789052191]"
2,0.03,2,11,0.37872574,0.08040833,0.4845403,True,"[2.5616651524647662, 2.758465778366774, 1.0623543007060394, 1.4617413927055936]"
2,0.03,2,12,0.38082176,0.07689751,0.46433993,True,"[2.5419210445115628, 2.7556896351330016, 0.983574411382509, 1.380227155977537]"
2,0.03,2,13,0.40606698,0.07254562,0.43865604,True,"[2.8013189372680354, 2.9615964346466903, 0.7948663808727929, 2.260419858439058]"
2,0.03,2,14,0.75215798,0.02213135,0.19437182,True,"[1.6939223840338202, 1.9715109772328565, 2.6557201909780237, 2.075491192254854]"
2,0.03,2,15,0.41043383,0.07276242,0.44340299,True,"[2.8130253707981194, 2.964537927357245, 0.8378594242088093, 2.457179812346682]"
2,0.03,2,16,0.48874655,0.05348061,0.34714963,True,"[1.291306310612114, 1.4508585959128797, 0.9642223457308451, 3.016914791037006]"
2,0.03,2,17,0.38179221,0.07654113,0.46218275,True,"[2.540506461618624, 2.7511845246256668, 0.9688677946947921, 1.3735853081508878]"
2,0.03,2,18,0.3785998,0.08010733,0.48246067,True,"[2.5606482781760067, 2.759061043564291, 1.0528486240734556, 1.4551434638628007]"
2,0.03,2,19,0.48663199,0.05463432,0.35328838,True,"[1.2894457907914192, 1.45397606043078, 0.9525904962364437, 2.767873769052464]"
2,0.03,2,20,0.50016983,0.0539708,0.34577676,True,"[1.2758900495515817, 1.4722410336610194, 0.8041213090194886, 1.8639311769559497]"
2,0.03,2,21,0.40542527,0.07162224,0.430917,True,"[2.789955845232396, 2.9596882668696063, 0.755063332064708, 2.092729177722003]"
2,0.03,2,22,0.48843024,0.05539329,0.35593603,True,"[1.280410809997484, 1.4601556630209986, 0.9073109092177989, 2.431188347117114]"
2,0.03,2,23,0.37883493,0.07890424,0.47550769,True,"[2.5534105200987356, 2.757625928019714, 1.0220793995937523, 1.4265492471538908]"
2,0.03,2,24,0.46191969,0.06172207,0.38260237,True,"[-0.7412043422006334, 0.37762578003983494, 0.8057837633168844, -0.33186407014906094]"
2,0.03,2,25,0.40862192,0.06963586,0.41823704,True,"[2.7797600859980807, 2.959392065490237, 0.7067188796088082, 1.90935080134912]"
2,0.03,2,26,0.38030077,0.08186744,0.49275345,True,"[2.571261250500606, 2.759517433552109, 1.0973677794718453, 1.5022347240730916]"
2,0.03,2,27,0.40679204,0.07263992,0.44009789,True,"[2.804883424966078, 2.9630509494788804, 0.8081490709046505, 2.307368135358179]"
2,0.03,2,28,0.3786305,0.08021314,0.48322632,True,"[2.5609806640929453, 2.7584785937141603, 1.0560622780976814, 1.4572699789240033]"
2,0.03,2,29,0.40640581,0.0708221,0.42539753,True,"[2.7845037409341185, 2.9591725540847027, 0.7337695847079334, 2.0044689713265997]"
2,0.03,2,30,0.45930578,0.06385024,0.39731144,True,"[3.7416635384893473, 2.2093183242014405, 1.1120561664436972, -0.24549855194616443]"
2,0.03,2,31,0.40602632,0.07115589,0.42729804,True,"[2.784360638183317, -0.18307102682100507, 0.7388642593022093, 2.0307234967198755]"
2,0.03,2,32,0.40747095,0.07269937,0.44103956,True,"[2.8076745367295084, 2.9634642774951776, 0.817027316655586, 2.341748361632958]"
2,0.03,2,33,0.49409401,0.0519847,0.3383301,True,"[1.294685434625799, 1.4529265374702174, 0.9762055695803978, 3.2825458324209396]"
2,0.03,2,34,0.53099868,0.04449169,0.29515525,True,"[1.2519024592816947, 2.965778570256223, 0.7273853308861176, 2.0448882382389897]"
2,0.03,2,35,0.42555981,0.06651831,0.40157336,True,"[1.8977116047593188, 0.8885307114359965, 1.3163071707717455, -0.3484946328434315]"
2,0.03,2,36,0.41408167,0.06792752,0.40692313,True,"[2.765499410584469, 2.954718342375601, 0.6621296563046758, 1.7738500072120473]"
2,0.03,2,37,0.40534954,0.07167483,0.43158429,True,"[2.7911108075853366, 2.9606805538951306, 0.7590011551239781, 2.107612073530222]"
2,0.03,2,38,0.49450398,0.05172435,0.33668882,True,"[1.294801761399371, 1.452901187767945, 0.9625461159789531, 3.2999563796634277]"
2,0.03,2,39,0.37906262,0.07862015,0.47374953,True,"[2.5508687728573913, 2.759253714836933, 1.0129356546289017, 1.4217591298331285]"
2,0.03,2,40,0.47799336,0.06066115,0.3811345,True,"[2.34292501206715, 1.1339547774380223, -0.9599396046734829, 0.2694975778371233]"
2,0.06,2,1,0.83066383,0.05331415,0.35631312,True,"[1.2912966035741602, 1.4335472071604571, 0.4814328833589862, 1.5136727068663234]"
2,0.06,2,2,0.70232309,0.07261356,0.47186917,True,"[2.8242384428496927, 2.9610699614835707, 0.438226273108808, 1.2561222596329122]"
2,0.06,2,3,0.74736935,0.05574377,0.41811242,True,"[1.6354628683224586, 1.1278984239503969, 1.0102659335437705, -0.5757614769489107]"
2,0.06,2,4,0.99245905,0.04722835,0.31839329,True,"[2.85811328240222, 3.085795240519994, 0.48442298440154047, 3.27769487250142]"
2,0.06,2,5,0.65192196,0.02388382,0.48955417,True,"[1.578118809092774, 2.582862195552098, 4.840562069137395, 2.3635779935372834]"
2,0.06,2,6,1.07710606,0.01611861,0.29552916,True,"[3.3365208530448345, 2.3200992327388956, 1.4615452110821774, 1.4293384356611778]"
2,0.06,2,7,0.91909731,0.07593932,0.48261551,True,"[1.8362162662047326, 2.5497185679117984, 1.484016325308502, 1.6879482871757747]"
2,0.06,2,8,0.83076183,0.05320049,0.35570753,True,"[1.2895818597210627, 1.4309968475224846, 0.47850022321437674, 1.5142712102608844]"
2,0.06,2,9,0.61895961,0.01667851,0.52132917,True,"[1.5881306127437749, 2.5415242669765163, 4.91173395997779, 2.337833258484707]"
2,0.06,2,10,1.03786062,0.01519547,0.29454581,True,"[1.8882639362474114, 2.7004998997529595, 1.8817839870695916, 3.2624831371365772]"
2,0.06,2,11,0.79142114,0.04546814,0.3775653,True,"[1.5224783263963584, 2.714391386547614, -0.6651034407684346, 0.907167446649561]"
2,0.06,2,12,0.9013361,0.04748409,0.31066905,True,"[1.2819591287701653, 2.9616180078279073, 0.45077718092034774, 1.3061359420523608]"
2,0.06,2,13,0.97291786,0.0458893,0.30878469,True,"[2.856776162549562, 3.0354566952146933, 0.4937828948886768, 3.777653355194978]"
2,0.06,2,14,0.69741832,0.07218095,0.46641818,True,"[2.8159435090225435, 2.9586870403294365, 0.4211086453029439, 1.1657392293386981]"
2,0.06,2,15,0.61062236,0.01685679,0.52606539,True,"[1.5760776821806366, 2.544030512871173, 4.929491996551354, 2.304344768912449]"
2,0.06,2,16,0.5122118,0.00273643,0.61587143,True,"[1.5811582463489122, 2.429757417913118, 5.108297431426463, 2.2420292726575295]"
2,0.06,2,17,0.69738051,0.07190361,0.46413192,True,"[2.8126397788469752, 2.959119128546083, 0.4151861105045489, 1.1401332886207955]"
2,0.06,2,18,1.15899606,0.00423087,0.25065906,True,"[3.384682549030605, 2.2984688860124045, 1.6354537985042263, 1.7875562443450816]"
2,0.06,2,19,0.43665165,7.467e-05,0.667579,True,"[1.5696703439532675, 2.3492714800056587, 5.292145438390024, 2.1384260693860413]"
2,0.06,2,20,1.04620301,0.03721438,0.2497786,True,"[0.2483934722048023, 1.4163741006112625, -0.5357035581370663, 2.35023812324818]"
2,0.06,2,21,0.71023707,0.07229733,0.47249255,True,"[2.8315289301550086, 2.963734975806796, 0.44653468425334963, 1.3222368469771746]"
2,0.06,2,22,0.90806201,0.04485587,0.33969793,True,"[1.8577757386606202, 2.837526757416846, 3.553266954998669, 3.4225153550197893]"
2,0.06,2,23,0.69748874,0.07181618,0.46343542,True,"[2.8115770391492334, 2.95986099170501, 0.41468344741372737, 1.132667574986545]"
2,0.06,2,24,1.0770057,0.01695977,0.30049932,True,"[3.3378461802315065, 2.3327930408189266, 1.454421760031282, 1.450945962768264]"
2,0.06,2,25,0.90223906,0.04754651,0.31151835,True,"[1.284132922174648, -0.1800791437778718, 0.45726511984479185, 1.3381052402221874]"
2,0.06,2,26,1.08258795,0.03326402,0.22384099,True,"[2.880171704762323, 1.43508486978587, 0.4706944490514393, 1.573961291618181]"
2,0.06,2,27,0.64013038,0.07600118,0.51680071,True,"[2.5804117151013166, 2.756856559739077, 0.5764298468367451, 0.7512561124104611]"
2,0.06,2,28,1.38620712,0.00259879,0.14348834,True,"[1.6150313251326522, 2.669800351753157, 0.992885765759672, 2.662510081387074]"
2,0.06,2,29,0.97534098,0.04591022,0.3092544,True,"[1.8533977988119472, 1.4674963147270892, -0.4934043460446816, 3.672471004786634]"
2,0.06,2,30,0.96121519,0.04978095,0.32724932,True,"[1.2811584440896546, 1.6952290754583033, 0.4942060972824739, 3.1889745749332783]"
2,0.06,2,31,0.9619115,0.04941446,0.32099861,True,"[1.280832004692252, 1.6959124223911046, 0.4938903812124619, 3.3850663949893844]"
2,0.06,2,32,0.69849699,0.07252226,0.46934165,True,"[2.8192793704957153, 2.958236138556338, 0.4289706724974412, 1.2017186534625286]"
2,0.06,2,33,0.97511081,0.04826203,0.32384943,True,"[1.2848149210104671, 1.6767242626344212, 0.49536732945048845, 2.9018943727037962]"
2,0.06,2,34,1.26868636,0.03924625,0.24251295,True,"[1.3776620593346305, 3.9942601121914274, 2.802551759320967, 2.4882514257497785]"
2,0.06,2,35,1.16029091,0.03345146,0.22418911,True,"[2.921489981211275, 1.46540203551335, 0.32661950242413085, 0.4657394711172172]"
2,0.06,2,36,0.69733665,0.07199116,0.46472446,True,"[2.8130696217437863, 2.9588068518473754, 0.41664778768460214, 1.145345140943025]"
2,0.06,2,37,1.07702436,0.01702402,0.30078934,True,"[3.337702359178244, 2.333674786781479, 1.4541724494076838, 1.452381589238185]"
2,0.06,2,38,0.90290129,0.05149933,0.3373866,True,"[1.2786211183655054, 1.4745887350222473, 0.37447802828357796, 0.7852872873228425]"
2,0.06,2,39,1.09104473,0.06386839,0.38826433,True,"[1.7197658646216814, 0.7141836297382628, 1.9017524545181361, 1.206565059524066]"
2,0.06,2,40,0.69750975,0.07225646,0.46697321,True,"[2.816426525634253, 2.958538508457659, 0.42273589381920096, 1.171398630590043]"
2,0.1,2,1,0.32044897,0.00017753,0.85929104,True,"[1.5707877327103428, 3.9270469441116806, 1.1646137993794718, 3.2869970101705106]"
2,0.1,2,2,1.08219963,0.07134135,0.47239336,True,"[2.818767298703627, 2.9573007365299326, 0.25574241954325416, 0.7013630972180698]"
2,0.1,2,3,1.67721626,0.00100594,0.28385884,True,"[0.9870234486648504, 0.7892374595477109, 2.1656851806515474, 3.319319198649788]"
2,0.1,2,4,0.32044587,0.00017949,0.85931269,True,"[1.570785060915702, 2.356255140773132, 3.2873805127422697, 1.1641124697670335]"
2,0.1,2,5,0.32093818,0.00014278,0.85867648,True,"[1.5708541266673972, 2.358261768825297, 3.279248173948689, 1.1731496759996796]"
2,0.1,2,6,1.62250009,0.03882472,0.25984839,True,"[3.3869384193120675, 1.4239353944004476, -0.3081876124480226, 1.2858336913574446]"
2,0.1,2,7,0.32054253,0.000163,0.85909248,True,"[4.712493686718954, 3.927435025458171, 1.1678610007814063, 3.283582482065426]"
2,0.1,2,8,0.32044675,0.00017873,0.85930441,True,"[1.570798772832644, 2.3561540020775413, 3.287240651562295, 1.1643176549049248]"
2,0.1,2,9,1.77206078,0.04724677,0.39347645,True,"[1.8707420390433969, 2.01153510653538, 0.9478803204522573, 2.5547804957703515]"
2,0.1,2,10,0.32046043,0.00017397,0.85924883,True,"[1.570896613203241, 2.356136971001059, 3.2861917475697346, 1.1654229711092876]"
2,0.1,2,11,1.41131439,0.04839962,0.31470381,True,"[1.2810258519848137, 2.9626568613785444, 0.2683993383383588, 0.787232274948713]"
2,0.1,2,12,1.56281395,0.02073646,0.38332899,True,"[0.1966735183505906, 2.322642775173302, 0.8790225452613255, 0.8589977742283518]"
2,0.1,2,13,2.02453566,0.00059733,0.19607625,True,"[2.5856008506820967, 3.9012132577247236, 2.1972212999617815, 0.9931238217244933]"
2,0.1,2,14,0.32046641,0.00017297,0.8592359,True,"[1.5709905638075143, 2.356054984988673, 3.285992616357255, 1.1656825700830769]"
2,0.1,2,15,0.32044636,0.00017904,0.85930784,True,"[1.57076880771371, 0.7854036529905231, 1.1642417093599953, 3.287308494033458]"
2,0.1,2,16,1.50376153,0.02573642,0.28860185,True,"[1.1570959358346489, 3.563297120426708, 1.186902007901209, 1.9319839494588933]"
2,0.1,2,17,0.32044593,0.00018261,0.85934432,True,"[1.5707924275906535, 2.355922340755983, 3.2881037964368582, 1.1634399708914611]"
2,0.1,2,18,0.36607515,4.038e-05,0.8324353,True,"[1.5646438699336063, 2.361469818895779, 3.1942634801440017, 1.2523547564934858]"
2,0.1,2,19,0.32047625,0.00017095,0.85920951,True,"[1.5709104103195064, 2.3564506610743234, 3.285399137819206, 1.1660102501152307]"
2,0.1,2,20,1.50270914,0.04775238,0.3436809,True,"[1.3773486725278985, 0.19965499667762027, 0.286485028503552, 3.5436505681451456]"
2,0.1,2,21,0.32059596,0.00016005,0.85903102,True,"[4.712577593599833, 2.3577313818817305, 3.282842428594895, 1.1685702040391188]"
2,0.1,2,22,0.32211465,0.00011471,0.85777661,True,"[1.5711467668248336, 0.789530158399118, 1.1809447112933629, 3.2726750588344284]"
2,0.1,2,23,1.08219963,0.0713551,0.47250516,True,"[2.8190085590917158, 2.9572684204579436, 0.25598477971849526, 0.7021620808627129]"
2,0.1,2,24,0.32044867,0.00017771,0.85929304,True,"[1.5707528039239718, 2.3562367328880898, 3.286969033199377, 1.164502840474854]"
2,0.1,2,25,1.51988611,0.05026494,0.33188105,True,"[1.2820344188084891, 1.7043251249801288, 0.2978592709509963, 2.0280323957806385]"
2,0.1,2,26,1.08083095,0.03867075,0.43862762,True,"[1.5867243658287948, 2.025178684544463, 2.9014170277843707, 1.6854389235660456]"
2,0.1,2,27,1.81692395,0.00028181,0.24872426,True,"[2.1552807883527296, 2.4112173228000957, 2.227859877829882, 1.2150173870553762]"
2,0.1,2,28,0.32047811,0.00017071,0.85920554,True,"[1.5708253005896868, 3.9265673015015055, 1.1662081780373519, 3.2854801050521436]"
2,0.1,2,29,0.72436688,0.01124904,0.66792947,True,"[1.623137790460381, 2.182293930555556, 3.19204079396679, 1.3596479592307362]"
2,0.1,2,30,0.32048931,0.00016916,0.85918434,True,"[1.5709640767201833, 3.9273908242557938, 1.1664588414295443, 3.2850196327765935]"
2,0.1,2,31,1.53358464,0.046378,0.30132033,True,"[0.28466880894173535, 0.13015690320855153, -0.30200501749944025, 2.1378813130408587]"
2,0.1,2,32,0.34598805,5.1e-07,0.84364264,True,"[1.575582177896929, 2.362685937238473, 3.2222914857198446, 1.2323856118950653]"
2,0.1,2,33,0.90696185,0.0295795,0.52199485,True,"[1.5569742433466671, 1.043989066331297, 1.4445712224693212, 2.87422695918538]"
2,0.1,2,34,1.91714361,0.03043389,0.24205961,True,"[-1.2380157381307892, 4.035977007519564, 0.31534164113995417, 1.1138269812730937]"
2,0.1,2,35,0.32344438,8.879e-05,0.85674483,True,"[1.5703582822016895, 0.783045632184086, 1.1872990977521747, 3.264722918193342]"
2,0.1,2,36,1.52717029,0.04894036,0.32226387,True,"[1.2815953377265938, 1.6978235773483423, 0.2990296406399314, 2.1355341943734394]"
2,0.1,2,37,1.44328455,0.0442847,0.35241051,True,"[1.2998430336765923, 0.2959896847371507, 2.3453332030281486, 2.3720948887784306]"
2,0.1,2,38,0.32058069,0.00015963,0.85903747,True,"[1.5707555402870075, 2.3564778175828596, 3.2827418608743293, 1.1685846822713428]"
2,0.1,2,39,1.28990453,0.05392231,0.36215816,True,"[1.2867358694549058, 1.432039342184118, 0.2854609482187815, 0.8561737012210677]"
2,0.1,2,40,0.32075274,0.00015091,0.85886467,True,"[1.5716070274543132, 2.3553439844016135, 3.280922683535296, 1.1709286000108212]"
2,0.3,2,1,0.28100694,0.00015545,0.96259636,True,"[1.572026406613983, 0.8434191025459625, 0.3740020520229165, 1.1061335460721313]"
2,0.3,2,2,0.76532334,0.0003591,0.85498802,True,"[1.5707933572061505, 2.354771135868289, 2.590963050677864, 0.3767732447095399]"
2,0.3,2,3,2.62098877,0.04316294,0.50424706,True,"[4.635512461927562, 0.4457520411984537, 2.039153527885945, 2.4722371331098065]"
2,0.3,2,4,5.58636578,0.05135277,0.33433462,True,"[3.9947880096624395, 3.8255388676432776, 0.5482846191974984, 1.8735191218965848]"
2,0.3,2,5,4.80635762,0.03809691,0.28302306,True,"[3.408482428623477, 3.134394371949743, 1.385106300208302, 0.9221017653329011]"
2,0.3,2,6,3.50815953,0.06130134,0.42796056,True,"[2.901122140035199, 0.1694919387600623, 0.09804859275172974, 2.6016857674064315]"
2,0.3,2,7,4.46804584,0.04193017,0.34720585,True,"[2.808631647417906, 1.315212316619922, 0.8250010575765497, 0.7488481191331253]"
2,0.3,2,8,0.76834305,0.00037384,0.85441305,True,"[1.571049518888717, 2.3675018064974935, 1.11805770619318, 3.3334462166626864]"
2,0.3,2,9,4.01795535,0.05589814,0.34211836,True,"[1.2856828308111805, 1.4450150235693189, 1.5779418485260597, 0.2593114613503816]"
2,0.3,2,10,0.19145499,4.69e-06,0.98247887,True,"[1.5706991625420232, 0.7824122740644291, 3.3362546034735567, 2.599167471999106]"
2,0.3,2,11,0.19202451,5.25e-06,0.98233883,True,"[1.5701235163138467, 2.3613592540327963, 2.593606632913702, 1.8576422987145962]"
2,0.3,2,12,0.21650159,1.595e-05,0.97689594,True,"[1.5704065200337967, 2.3863954269390555, 1.11446282032651, 0.3690112729430429]"
2,0.3,2,13,0.81683419,0.00225565,0.85011648,True,"[4.736217395862318, 3.799945748321751, 1.9053173642043721, 2.55664701130148]"
2,0.3,2,14,3.38722879,0.04920821,0.41345482,True,"[1.660611377575713, 1.945176195147366, 2.4232977736747388, 2.093865084795145]"
2,0.3,2,15,4.56796281,0.0442866,0.28059672,True,"[1.316260584246901, 1.6771488560815475, 1.5767648512278236, 2.582463839751817]"
2,0.3,2,16,5.10088669,0.03237826,0.5438205,True,"[2.8613894016240393, 0.8247671708613863, -0.1581175381644677, -0.5780241543377975]"
2,0.3,2,17,3.0974677,0.07028001,0.46453326,True,"[2.822269586490073, 2.9606748970006485, 0.08671936716506636, 1.7219454513182237]"
2,0.3,2,18,4.30564358,0.03702203,0.34347815,True,"[3.9283294290995454, 2.666685352764199, 2.866696153859404, 0.0282381545488855]"
2,0.3,2,19,4.8697678,7.701e-05,0.26096745,True,"[2.567924531132314, 3.891175157933362, 0.7427689719900057, 0.39823483268638643]"
2,0.3,2,20,4.71341728,0.00047122,0.2712137,True,"[0.9946286705173253, 0.7617961688531201, 0.7313548055107438, 2.5600200806523974]"
2,0.3,2,21,4.63898975,0.02796599,0.30895577,True,"[1.89324051040701, 2.755588175046073, 2.270395698472511, 0.5879805790125477]"
2,0.3,2,22,0.38981242,0.00010971,0.93732695,True,"[1.5741812307493934, 2.424228284188236, 2.5680622881712085, 1.8836967656223425]"
2,0.3,2,23,0.19125612,4.6e-06,0.98252131,True,"[1.5708801988512513, 0.7843799660912905, 1.852330802469014, 1.1154291744226048]"
2,0.3,2,24,0.83367733,0.00055275,0.84174432,True,"[1.5707988993290516, 2.4088932622503076, 2.5958459369743663, 0.3727309093226699]"
2,0.3,2,25,5.11332558,0.00746076,0.3713542,True,"[1.1998390525075457, 2.1847400286946943, 0.40661580490947713, 2.62527323246794]"
2,0.3,2,26,0.7653419,0.00036005,0.85498733,True,"[1.5708130650110037, 0.7837308030545264, 0.376717241934326, 2.5910384339153927]"
2,0.3,2,27,4.20394152,0.02206586,0.43361125,True,"[0.19711124816617379, 2.3222417704926532, 0.2935973548240695, 0.28556741722851525]"
2,0.3,2,28,4.55677029,0.04208445,0.28340713,True,"[2.8681899203783794, 3.1729546937774287, 0.09533239410644577, 3.5134686587659094]"
2,0.3,2,29,5.61277287,0.01016421,0.16428588,True,"[1.2749705667290063, 2.6483296054042564, 1.6149911615143564, 0.8696209909017368]"
2,0.3,2,30,0.19124073,4.57e-06,0.98252233,True,"[1.5708601609498243, 2.356926924307374, 1.1154478385967037, 1.852249786681068]"
2,0.3,2,31,4.93424683,0.00059626,0.27286096,True,"[4.132368540572002, 0.7931804573720334, 2.2119610105651573, 2.5886523598404136]"
2,0.3,2,32,3.67477506,0.05289198,0.35892493,True,"[1.2872230627631602, 1.4335146379694879, 0.0961702079340459, 1.774372653539256]"
2,0.3,2,33,0.77313517,0.0003665,0.85338996,True,"[1.5700994569362363, 0.8034789038796016, 0.3776008729603521, 2.5899196586234523]"
2,0.3,2,34,0.19136654,4.58e-06,0.98249139,True,"[1.5708966872952037, 3.9293312357639314, 3.3412660557022007, 4.0779782368307895]"
2,0.3,2,35,3.16739191,0.06277483,0.4262201,True,"[4.144408637544786, 1.200110260784882, 0.13941993374298253, 0.1673891008467094]"
2,0.3,2,36,4.70955438,0.00806769,0.27326647,True,"[3.476212618077846, 1.9788330864835342, 0.38199356095369796, 0.6541280573999831]"
2,0.3,2,37,4.0781907,0.04518747,0.35533326,True,"[1.3003052278008593, 0.2946036706258233, 2.2705462528086113, 2.2700552355608274]"
2,0.3,2,38,4.94924565,0.0420602,0.29795805,True,"[1.327327490999153, 1.3016302605936372, 0.6498127372166165, 3.7248724198510637]"
2,0.3,2,39,3.57815727,0.06448408,0.41072327,True,"[1.7361643257966122, 4.202541554469064, 1.646565462340854, -0.05889928253726064]"
2,0.3,2,40,3.3094943,0.06436682,0.44449725,True,"[2.906780809837444, 0.1676403624085275, 0.09765173313925493, 1.1291587030438412]"
2,1.0,2,1,14.412945,0.0456009,0.30641786,True,"[2.848659304756376, 2.991808984916841, 0.47517309686111486, 2.901461638455688]"
2,1.0,2,2,1.77779544,0.00045453,0.88876747,True,"[1.5702170357067506, 2.240518526408695, 1.6680109820902347, 0.558213592650498]"
2,1.0,2,3,12.31021003,0.04654731,0.39896327,True,"[1.4647364787880077, 1.2559305202252946, 1.4957512332728833, 0.2606508983322464]"
2,1.0,2,4,18.47070097,0.03379952,0.21235687,True,"[3.5388654833078226, 1.765193531989063, 2.859452078251252, 1.5528736890532089]"
2,1.0,2,5,17.13077997,0.00113731,0.2423569,True,"[-0.5948056780197527, 0.6038521651211756, 1.1161726957449165, 1.0226949753023997]"
2,1.0,2,6,13.66862254,0.04185569,0.35712624,True,"[0.29941748186895023, 3.2690033317641762, 2.197921807281786, 3.4863223461438837]"
2,1.0,2,7,13.99049316,0.05865781,0.34694051,True,"[3.517129880963397, 2.477883422764728, 0.9331681338660369, 0.881737632344346]"
2,1.0,2,8,2.85705595,0.00136384,0.82680683,True,"[1.5675560088087086, 0.6125867202511147, 2.341564465837484, 1.6678778782779309]"
2,1.0,2,9,17.25903432,0.01829717,0.25230367,True,"[1.1335819080861704, 1.3581537883632866, 1.5407500816595043, 0.22560529331657772]"
2,1.0,2,10,0.98919852,0.00012909,0.9402122,True,"[1.5678758143361315, 0.8745512942190482, 3.2265516275464012, 2.5607114017572012]"
2,1.0,2,11,13.77621309,0.03451308,0.34451844,True,"[0.37399234842565326, 2.7717193927742105, 0.205596073674085, 0.26833026544119987]"
2,1.0,2,12,11.03467095,0.04001261,0.4264421,True,"[1.5799637748624826, 1.2238988284960772, 0.9684886137400995, 2.170488595777403]"
2,1.0,2,13,2.19896111,0.00053148,0.86466965,True,"[1.5613277117339568, 0.6366086573470878, 1.8935175756533076, 1.2229160022853356]"
2,1.0,2,14,16.31361653,0.02621483,0.2851748,True,"[1.2288589203938145, 1.3505445171913624, 1.5359921031829524, -0.22047703311068692]"
2,1.0,2,15,14.9804297,0.04163739,0.28751169,True,"[2.8554527369618734, 2.9209874323591025, 0.031418385940310496, 3.7913007226270903]"
2,1.0,2,16,1.44377442,0.00027954,0.91058476,True,"[1.5666199202443418, 2.2602552064966757, 3.004864218268739, 4.11720415387483]"
2,1.0,2,17,9.79032812,0.07000999,0.47471058,True,"[2.812342945905897, 2.955542378887323, 0.025241793624132494, 0.5148720836486448]"
2,1.0,2,18,19.97606879,0.00672275,0.27661047,True,"[2.497799156725804, 2.1207674544383037, 1.1537299480134284, -0.8140771512051499]"
2,1.0,2,19,16.46079175,0.05221034,0.29706567,True,"[1.2810761210776607, 1.8230358817344026, 2.2578705527225735, 1.9783592625449344]"
2,1.0,2,20,11.70899062,0.06313254,0.40463767,True,"[2.8349100936592806, -0.12072879901815495, 0.4723194492886666, 4.083327251209515]"
2,1.0,2,21,15.09710808,0.05009988,0.29018574,True,"[1.8951496587429346, 2.9822405880746747, 1.3227573100261256, 1.3785851868319903]"
2,1.0,2,22,14.04524586,0.0487523,0.35007172,True,"[1.2799373210130904, 0.28264639124223057, 1.1288277501432307, 2.9054380013474472]"
2,1.0,2,23,16.19430958,0.04143927,0.25461883,True,"[3.3619636479756188, 1.4553104864548245, 1.3046437327594156, 0.9995750430078687]"
2,1.0,2,24,8.30933418,0.00584185,0.54478697,True,"[1.5703778322452235, 0.9104504211834286, 4.116844438617446, -0.11053688555083895]"
2,1.0,2,25,13.62307136,0.05008345,0.30664092,True,"[1.8728220309341033, 3.317046991037187, 0.8642157842239507, 1.2597828162594757]"
2,1.0,2,26,17.39758385,0.03113418,0.28133025,True,"[2.706778333403244, 1.3698152074120429, 1.587899663776918, 2.0067560005387324]"
2,1.0,2,27,11.40246543,0.05968079,0.41885021,True,"[2.9107070324630766, 3.363135814293513, 0.029425506161107163, 1.6716727095819568]"
2,1.0,2,28,6.61841481,0.01723196,0.61620224,True,"[1.571070427848194, 3.6620785599810612, 1.0254265837717493, 2.5461155792871972]"
2,1.0,2,29,5.90121895,0.01187461,0.64307213,True,"[1.570004236467359, 1.0515407381451378, 2.351454448515149, 1.6462497248605423]"
2,1.0,2,30,15.5156079,0.00086775,0.28378282,True,"[2.12936323679044, 2.366028587722997, 1.5628319864835547, 2.7895135379667977]"
2,1.0,2,31,16.21817132,0.00026238,0.27500278,True,"[2.1120335113745945, -0.863117801305997, 1.1156299700129217, 0.5585086558645767]"
2,1.0,2,32,7.92000187,0.02948545,0.5420395,True,"[1.5669040257202764, 2.6954788075402156, 1.1877887177122666, 1.0230156174378189]"
2,1.0,2,33,14.4958113,0.05025001,0.33737058,True,"[1.2686704275228167, 1.7771524098050078, 0.029423729008270533, 2.426759341639948]"
2,1.0,2,34,0.32648587,4.01e-06,0.98676789,True,"[1.5628793039107938, 2.3988413679621057, 2.559962962521967, 2.781790325539185]"
2,1.0,2,35,20.31522608,0.0051491,0.18508146,True,"[0.816722675471426, 0.12487577953986799, 2.461760606474549, 3.841080041445253]"
2,1.0,2,36,17.82401634,0.03259752,0.19848304,True,"[3.4039329622664303, 1.7030292373286495, 1.7519477697992172, 2.583246824438102]"
2,1.0,2,37,7.61696236,0.02935334,0.55273686,True,"[1.5813833297700688, 0.46067762180999955, 2.7461266452989417, 2.1365503336677634]"
2,1.0,2,38,15.43736699,0.00245489,0.5230175,True,"[1.3795931422228458, 0.7743760328947398, 2.1490444511601567, 1.9277892927208735]"
2,1.0,2,39,1.71642176,0.00037591,0.89291191,True,"[4.715800773833675, 2.2443355136969094, 2.1161561374745297, 3.2255720827081364]"
2,1.0,2,40,3.89445457,0.00132484,0.75898301,True,"[1.5706846161914427, 2.4059901433273563, 3.449324087061775, 0.5567644953986732]"
