instance_seed,alpha,tuning_seed,achieved_H,params
0,0.003,1,0.03283504,"[2.583078914472789, 5.0025819810108665]"
0,0.003,2,0.03283608,"[2.5829356090495272, 4.994799385621797]"
0,0.003,3,0.03283701,"[2.582523411041072, 4.990791611999483]"
0,0.003,4,0.03283577,"[2.5830578730330296, 4.996610484336416]"
0,0.003,5,0.03284307,"[2.582066766464338, 4.973592254639675]"
0,0.003,6,0.03283647,"[2.5831059444608955, 4.992828852190318]"
0,0.003,7,0.03283603,"[2.583267284829414, 4.995257935038972]"
0,0.003,8,0.03283622,"[2.5828669178768084, 4.994108510002905]"
0,0.003,9,0.03283541,"[2.5829429608071814, 4.999148819617428]"
0,0.003,10,0.03283527,"[2.582663987681312, 5.0010959708660065]"
0,0.003,11,0.03283828,"[2.582924588410014, 4.985699910569697]"
0,0.003,12,0.03283534,"[2.583163377978563, 4.999643587534519]"
0,0.003,13,0.03283791,"[2.5830474435351714, 4.987007934790692]"
0,0.003,14,0.03283546,"[2.5830528499694, 4.998657806911203]"
0,0.003,15,0.03283676,"[2.58246014471403, 4.9920898890594545]"
0,0.003,16,0.03283708,"[2.582765329743459, 4.990162846485678]"
0,0.003,17,0.03283628,"[2.5831489615237984, 4.9938009894971485]"
0,0.003,18,0.03283495,"[2.583144565866989, 5.003768575314249]"
0,0.003,19,0.03283502,"[2.583118190820963, 5.0027593227051215]"
0,0.003,20,0.03283533,"[2.5827607675171267, 5.000095528691188]"
0,0.003,21,0.0328365,"[2.5830644403894656, 4.992672420633348]"
0,0.003,22,0.03283507,"[2.583192875309249, 5.002233981169315]"
0,0.003,23,0.03283651,"[2.5826371178481184, 4.9929088133421]"
0,0.003,24,0.03283784,"[2.5829070750294387, 4.987210635274038]"
0,0.003,25,0.03283751,"[2.582876366393793, 4.988419121454398]"
0,0.003,26,0.03283766,"[-0.5590362640603467, 4.988092704601313]"
0,0.003,27,0.03283538,"[2.583104547630791, 4.999284663339674]"
0,0.003,28,0.03283821,"[2.5831382505700815, 4.986014984311477]"
0,0.003,29,0.03284772,"[2.585197524253865, 4.970298786852897]"
0,0.003,30,0.03283691,"[2.5832362944474476, 4.990981399769939]"
0,0.003,31,0.03284141,"[2.5826322844364817, 4.976920184116827]"
0,0.003,32,0.03283504,"[2.583078951123227, 5.002533961188996]"
0,0.003,33,0.03283514,"[2.5831571375502915, 5.0014917643978904]"
0,0.003,34,0.03283532,"[2.5832085893003285, 4.99991614104071]"
0,0.003,35,0.03283749,"[2.583000633922719, 4.9885047145607775]"
0,0.003,36,0.03283619,"[2.582666797906446, 4.994478234877103]"
0,0.003,37,0.03283733,"[2.583074703752169, 4.989136346935577]"
0,0.003,38,0.03283698,"[2.5829654372027715, 4.990501790275438]"
0,0.003,39,0.03283892,"[2.5822935173581034, 4.9841813705598685]"
0,0.003,40,0.03283869,"[2.5831220407958964, 4.984474398408193]"
0,0.006,1,0.16490115,"[2.7678693238725187, 3.4518250086293145]"
0,0.006,2,0.16489806,"[2.767385528698738, 3.459815745702076]"
0,0.006,3,0.16491171,"[2.766779192096116, 3.434363183423506]"
0,0.006,4,0.16491195,"[2.766605137733518, 3.4341974523304426]"
0,0.006,5,0.16491765,"[2.767727063719156, 3.4288898644085997]"
0,0.006,6,0.16491174,"[2.766682067805417, 3.4343880341382205]"
0,0.006,7,0.16490654,"[2.7684825163603244, 3.5020802519682124]"
0,0.006,8,0.16490399,"[2.7674424302929213, 3.4455946101980546]"
0,0.006,9,0.16489756,"[2.768050460088517, 3.4815380817340773]"
0,0.006,10,0.16489791,"[2.7675530893888003, 3.4602731639246374]"
0,0.006,11,0.16490712,"[2.76742502460146, 3.4406950989833405]"
0,0.006,12,0.16489944,"[2.7676073302942967, 3.486800371594816]"
0,0.006,13,0.16490036,"[2.768281485924858, 3.4905211657129267]"
0,0.006,14,0.16489988,"[2.7675951451156853, 3.4541662536691127]"
0,0.006,15,0.16489984,"[2.7677913243271983, 3.4546332388309]"
0,0.006,16,0.16489811,"[2.7682222693755354, 3.483760486013285]"
0,0.006,17,0.1649633,"[2.7652261677132883, 3.393985418490299]"
0,0.006,18,0.16489809,"[2.767489027773723, 3.459581087114051]"
0,0.006,19,0.16492191,"[2.7665720614603875, 3.423454466420007]"
0,0.006,20,0.16489695,"[2.767652841952444, 3.465192483836698]"
0,0.006,21,0.16489953,"[2.7673696657131996, 3.4549969104389966]"
0,0.006,22,0.1648979,"[2.7680887141758173, 3.4830354462722948]"
0,0.006,23,0.16491189,"[2.7689850213403804, 3.509222948932053]"
0,0.006,24,0.16491487,"[2.7667735271451814, 3.430649562506841]"
0,0.006,25,0.16489681,"[2.7679569375742563, 3.477006078868729]"
0,0.006,26,0.1649406,"[2.76586988671127, 3.408355140627028]"
0,0.006,27,0.16489654,"[2.76790837281408, 3.4737044134368937]"
0,0.006,28,0.16489684,"[2.7677449774589418, 3.4660728467368798]"
0,0.006,29,0.16500377,"[2.7643139958307965, 3.3736012014426864]"
0,0.006,30,0.1649443,"[2.7651261707025077, 3.4067534281675678]"
0,0.006,31,0.16491978,"[2.7665210849254778, 3.42554567680387]"
0,0.006,32,0.16490551,"[2.7673014590344516, 3.4429755455500213]"
0,0.006,33,0.16493663,"[2.7669885239943115, 3.411495751839464]"
0,0.006,34,0.16490238,"[2.767187749435127, 3.448451886306896]"
0,0.006,35,0.16490906,"[2.7670711173398805, 3.437738458426435]"
0,0.006,36,0.16490159,"[2.766912780513344, 3.450510282725769]"
0,0.006,37,0.16490533,"[2.767738263349563, 3.4439439170664206]"
0,0.006,38,0.16494159,"[2.765692661801223, 3.4078017525759803]"
0,0.006,39,0.16489726,"[2.7680337589267303, 3.4800095847559427]"
0,0.006,40,0.16489713,"[2.7677726000924796, 3.464150084028847]"
0,0.01,1,0.26300017,"[2.825767534148731, 2.390689648599904]"
0,0.01,2,0.26299991,"[2.8258149803385217, 2.391550152380275]"
0,0.01,3,0.26300549,"[2.8256127750143754, 2.3816153007767626]"
0,0.01,4,0.26299946,"[2.825860751901715, 2.393520430708635]"
0,0.01,5,0.26300073,"[2.8256616027267123, 2.389198501403342]"
0,0.01,6,0.26300106,"[2.8256906270248083, 2.3884168365481036]"
0,0.01,7,0.26300038,"[2.8263298845763853, 2.4031456213039846]"
0,0.01,8,0.26299929,"[2.82596144839783, 2.394847676810649]"
0,0.01,9,0.26299965,"[2.825751837932492, 2.3926082224957907]"
0,0.01,10,0.2630035,"[2.8255116196255425, 2.3841575629934035]"
0,0.01,11,0.26302076,"[2.8244565441704546, 2.3691826296531366]"
0,0.01,12,0.26300103,"[2.8255797733149013, 2.4028218859419934]"
0,0.01,13,0.26300184,"[2.825681313113576, 2.3868728512409456]"
0,0.01,14,0.26300503,"[2.8265596501433685, 2.4112780135562044]"
0,0.01,15,0.26299997,"[2.825777684600583, 2.3913335522981836]"
0,0.01,16,0.2630004,"[2.826123524620614, 2.403327561536172]"
0,0.01,17,0.26300179,"[2.8252619597088984, 2.3876616640942028]"
0,0.01,18,0.26300219,"[2.8255886199538582, 2.3862278680092586]"
0,0.01,19,0.26300081,"[3.4570646247477606, -2.404350288949948]"
0,0.01,20,0.26302325,"[2.8245126968962726, 2.367412102868886]"
0,0.01,21,0.26300272,"[2.8257124719430964, 2.3854043716039492]"
0,0.01,22,0.26299955,"[2.8261206850098195, 2.400338882470537]"
0,0.01,23,0.26299973,"[0.3158519741192954, -2.392272579075676]"
0,0.01,24,0.26299923,"[2.8259436123291266, 2.395496974237642]"
0,0.01,25,0.26300046,"[-0.31589434756650653, 2.38987490213554]"
0,0.01,26,0.26300323,"[2.8256111044774403, 2.3845682736888065]"
0,0.01,27,0.26300018,"[3.4574654069801216, -2.3906596689104975]"
0,0.01,28,0.26300065,"[2.8257345265392657, 2.389375413807426]"
0,0.01,29,0.26300633,"[2.825324169963973, 2.3805816615529385]"
0,0.01,30,0.26301053,"[0.3162571728474489, -2.376369630973252]"
0,0.01,31,0.26299959,"[2.8259075086749474, 2.392892305310879]"
0,0.01,32,0.26301098,"[2.8265333645061883, 2.4174546420603513]"
0,0.01,33,0.26300177,"[2.825602442762784, 2.3869911989208212]"
0,0.01,34,0.26299976,"[2.825864654749062, 2.3921361986238914]"
0,0.01,35,0.26299964,"[2.826016855524249, 2.4007133773655025]"
0,0.01,36,0.26299956,"[2.82611296637185, 2.400378039023326]"
0,0.01,37,0.26299952,"[2.8258882139962482, 2.393201711802694]"
0,0.01,38,0.26300261,"[2.8254598636233594, 2.385579205791038]"
0,0.01,39,0.26299951,"[2.8258027384746476, 2.3932662926179127]"
0,0.01,40,0.26299999,"[2.8258225128947467, 2.3912984780563704]"
0,0.0209,1,0.45964621,"[2.855884625089004, 1.2531462735078476]"
0,0.0209,2,0.45964604,"[2.8560679898918853, 1.2559996912141762]"
0,0.0209,3,0.45964587,"[2.855891988989814, 1.254031240116949]"
0,0.0209,4,0.45964578,"[2.8559731377951563, 1.2550033634811741]"
0,0.0209,5,0.45964585,"[2.855934130905766, 1.255258024483972]"
0,0.0209,6,0.45964579,"[2.8559538843940397, 1.2543788186211149]"
0,0.0209,7,0.45964578,"[2.8559446584980326, 1.2546366491610508]"
0,0.0209,8,0.45964581,"[2.855981708567201, 1.2542409669340164]"
0,0.0209,9,0.45964617,"[2.8560611824585838, 1.25626830973438]"
0,0.0209,10,0.45964581,"[2.855962883970268, 1.2542608001871893]"
0,0.0209,11,0.45964601,"[2.8558449635387024, 1.2536408466186035]"
0,0.0209,12,0.45964599,"[2.856132469739622, 1.255813712444474]"
0,0.0209,13,0.45964597,"[2.8559871016843723, 1.2537242108225488]"
0,0.0209,14,0.45964582,"[2.856006086502529, 1.2552845013607654]"
0,0.0209,15,0.45964593,"[2.855990204956617, 1.2556665833876521]"
0,0.0209,16,0.45964593,"[2.855966914415053, 1.2537972042741194]"
0,0.0209,17,0.4596458,"[2.8559793502363147, 1.2551265100516438]"
0,0.0209,18,0.45964578,"[2.8560148165839987, 1.2549839641337552]"
0,0.0209,19,0.45964579,"[0.2856511250225731, -1.2544018646321926]"
0,0.0209,20,0.45964582,"[2.85601335124777, 1.2553160140383897]"
0,0.0209,21,0.45964578,"[2.856037858354332, 1.2550415983815597]"
0,0.0209,22,0.4596467,"[2.856179119094855, 1.2570620499722376]"
0,0.0209,23,0.45964584,"[2.8559637324830143, 1.2540818379374754]"
0,0.0209,24,0.45964577,"[2.8560010521819614, 1.254657946272676]"
0,0.0209,25,0.45964587,"[2.8560121903217133, 1.2555013554079653]"
0,0.0209,26,0.45964587,"[2.856096988414014, 1.255435111407845]"
0,0.0209,27,0.45964581,"[2.855907344845795, 1.2548635078504176]"
0,0.0209,28,0.45964589,"[2.855972348254242, 1.2555069359126143]"
0,0.0209,29,0.45964632,"[2.85594029258802, 1.2529829383882631]"
0,0.0209,30,0.45964589,"[0.2857076228125572, -1.2539605203062048]"
0,0.0209,31,0.45964582,"[2.856023805808507, 1.2553306971445275]"
0,0.0209,32,0.4596459,"[2.8559281973960484, 1.2538870557529196]"
0,0.0209,33,0.45964586,"[2.8559300297769536, 1.254004106817629]"
0,0.0209,34,0.45964578,"[2.8559547224006505, 1.25487105329684]"
0,0.0209,35,0.45964588,"[2.85604013694188, 1.2555615833824179]"
0,0.0209,36,0.45964578,"[2.8559530043822123, 1.2544463619824622]"
0,0.0209,37,0.45964586,"[-0.2855511272906391, 1.2554993319134884]"
0,0.0209,38,0.45964604,"[2.856071142584457, 1.2560114751223375]"
0,0.0209,39,0.45964594,"[2.8561187649386666, 1.255696493537754]"
0,0.0209,40,0.4596459,"[2.8560006154755513, 1.2555896447992188]"
0,0.021,1,0.46131653,"[2.856035000625225, 1.248208077033787]"
0,0.021,2,0.46131649,"[2.8561132882723217, 1.2484367190041497]"
0,0.021,3,0.46131694,"[2.8559497945887724, 1.2473596405594178]"
0,0.021,4,0.46131641,"[2.8560136686950117, 1.2487392442844027]"
0,0.021,5,0.46131804,"[2.855870495159803, 1.2460686503401806]"
0,0.021,6,0.46131653,"[2.856141352393317, 1.250123240279714]"
0,0.021,7,0.46131651,"[2.8561415210110663, 1.2500434470544455]"
0,0.021,8,0.46131668,"[2.855999553080561, 1.2478178935256814]"
0,0.021,9,0.46131645,"[2.8560094334949233, 1.248496975656893]"
0,0.021,10,0.46131638,"[2.856084409548063, 1.2494299315739181]"
0,0.021,11,0.46131639,"[2.856040140476501, 1.2492727198944056]"
0,0.021,12,0.4613164,"[2.856054166614977, 1.2487361176920293]"
0,0.021,13,0.46131641,"[2.856035307615896, 1.2486499032188265]"
0,0.021,14,0.46131638,"[2.8560520504140907, 1.2492622122912682]"
0,0.021,15,0.46131657,"[2.856184096835777, 1.2502058101925653]"
0,0.021,16,0.46131642,"[2.8560559279210795, 1.2486079847596336]"
0,0.021,17,0.46131645,"[2.8560646857825143, 1.2484889286783598]"
0,0.021,18,0.46131637,"[2.8560935028557433, 1.2492416060232179]"
0,0.021,19,0.46131661,"[-0.2855177266721569, 1.2502309071074031]"
0,0.021,20,0.46131654,"[2.8562106416936635, 1.2500665546695955]"
0,0.021,21,0.4613164,"[3.427071492377675, -1.249558559253665]"
0,0.021,22,0.4613164,"[2.8561283188555575, 1.2495285816149178]"
0,0.021,23,0.4613166,"[2.8559519154410333, 1.2480569723457042]"
0,0.021,24,0.46131641,"[0.285552836815404, -1.2487019760399376]"
0,0.021,25,0.46131735,"[2.856215153894239, 1.2515208886696805]"
0,0.021,26,0.46131644,"[2.8561288441306645, 1.2497784221898052]"
0,0.021,27,0.46131662,"[2.8561112773725674, 1.2503085593142187]"
0,0.021,28,0.46131653,"[2.856135540202778, 1.250094692719242]"
0,0.021,29,0.46131653,"[2.8560968833242315, 1.2482689313609994]"
0,0.021,30,0.46131643,"[2.856121588678461, 1.2497443832945727]"
0,0.021,31,0.46131638,"[2.8560647433462294, 1.2492635610934635]"
0,0.021,32,0.46131662,"[2.85607259820216, 1.2479926834980248]"
0,0.021,33,0.46131671,"[2.855976248779967, 1.2477657221431118]"
0,0.021,34,0.46131654,"[2.8561445949904343, 1.2501462768158913]"
0,0.021,35,0.4613165,"[2.8562091003152434, 1.249904356508421]"
0,0.021,36,0.46131638,"[2.856097425300549, 1.2489930916231624]"
0,0.021,37,0.46131648,"[2.8560402428397005, 1.2483407373926674]"
0,0.021,38,0.46131678,"[2.8562168031924235, 1.250660832492834]"
0,0.021,39,0.46131645,"[2.8561464330526443, 1.2498392074173643]"
0,0.021,40,0.46131641,"[2.8560850655518806, 1.2496079472836086]"
0,0.03,1,0.60844803,"[-0.28063335476628926, 0.8892845300375178]"
0,0.03,2,0.60844798,"[2.86101379913675, 0.8891573302251584]"
0,0.03,3,0.60844798,"[2.861039425022656, 0.8890689599516649]"
0,0.03,4,0.60844797,"[2.861012995161913, 0.8890446957669541]"
0,0.03,5,0.6084481,"[2.860960523945093, 0.8894331222898281]"
0,0.03,6,0.60844799,"[2.8610488151417917, 0.8890600735999624]"
0,0.03,7,0.75796779,"[1.8169334384143931, -0.889497540291225]"
0,0.03,8,0.60844805,"[2.861042474682595, 0.8893760336658754]"
0,0.03,9,0.60844799,"[2.8609630236921113, 0.8891542265884865]"
0,0.03,10,0.60844799,"[2.8610022973300238, 0.8887513614701691]"
0,0.03,11,0.608448,"[2.8610554437528863, 0.8891103529271213]"
0,0.03,12,0.60844797,"[2.8609364961208876, 0.8888893778234589]"
0,0.03,13,0.60844796,"[2.8609800535142056, 0.8888640742368279]"
0,0.03,14,0.60844797,"[2.860951960057265, 0.8889269832580158]"
0,0.03,15,0.60844796,"[2.8610016567166148, 0.8889196330764066]"
0,0.03,16,0.60844805,"[2.8610811246559305, 0.8893001511097153]"
0,0.03,17,0.60844803,"[2.861028578717581, 0.8893198776471786]"
0,0.03,18,0.60844799,"[2.8609986140317005, 0.8891880126485406]"
0,0.03,19,0.60844841,"[0.28067735105403796, -0.8879855224051063]"
0,0.03,20,0.60844803,"[2.8609037390316523, 0.8886279010356337]"
0,0.03,21,0.60844805,"[2.861060368133182, 0.8893524867815245]"
0,0.03,22,0.75796774,"[1.324596161353265, 0.8893400442157028]"
0,0.03,23,0.60844796,"[2.860975214564506, 0.8889255545454237]"
0,0.03,24,0.60844799,"[2.8609958597744996, 0.8891986723300924]"
0,0.03,25,0.60844806,"[2.8610247594061353, 0.8894100523751575]"
0,0.03,26,0.60844836,"[2.8609165806864905, 0.8880389902618514]"
0,0.03,27,0.60844796,"[2.860970743253353, 0.8890015854581838]"
0,0.03,28,0.608448,"[2.8609507487762613, 0.8886595151079112]"
0,0.03,29,0.60844813,"[2.8609893118904286, 0.8895248832592406]"
0,0.03,30,0.60844805,"[0.2806443630517555, -0.8885187509603156]"
0,0.03,31,0.60844811,"[2.861085835990147, 0.8894633800910848]"
0,0.03,32,0.60844802,"[2.860965325996289, 0.8892695204296276]"
0,0.03,33,0.60844799,"[2.860929115733055, 0.8887422873111183]"
0,0.03,34,0.7579678,"[1.3246043908835934, 0.8894838503140398]"
0,0.03,35,0.60844807,"[0.2806198937294288, -0.8884955793340118]"
0,0.03,36,0.60844797,"[2.860945007367349, 0.8888884079218543]"
0,0.03,37,0.60844797,"[-0.28060348343302105, 0.8891022850390973]"
0,0.03,38,0.60844841,"[2.8610867739473744, 0.8899202223163467]"
0,0.03,39,0.60844847,"[2.8611267269896232, 0.8899623072538684]"
0,0.03,40,0.60844799,"[2.8609239407141116, 0.888743726680033]"
0,0.06,1,1.08305517,"[3.4185877571552497, -0.450078588646518]"
0,0.06,2,1.30000681,"[1.3183241163022485, 0.4498901547610174]"
0,0.06,3,1.30000689,"[1.3183696173693331, 0.4500782710225525]"
0,0.06,4,1.08305523,"[2.8645790008098833, 0.44996340855746547]"
0,0.06,5,1.08305519,"[0.27704667394010835, -0.45009617789528333]"
0,0.06,6,1.08305518,"[2.864613500400312, 0.45007735087531403]"
0,0.06,7,1.61148642,"[2.403223766367447, 3.2563694855408025]"
0,0.06,8,1.30000681,"[1.318332177190919, 0.4499096129938601]"
0,0.06,9,1.61148642,"[2.4032324626136696, 3.2563576468791817]"
0,0.06,10,1.08305517,"[2.8646054877262106, 0.45013820179552483]"
0,0.06,11,1.0830552,"[2.8645948117464815, 0.4500063344277284]"
0,0.06,12,1.08305523,"[2.8646517438182855, 0.45019368837083096]"
0,0.06,13,1.08305517,"[2.864568409922865, 0.450100828560454]"
0,0.06,14,1.61148642,"[2.403240206786162, 3.2563373488116123]"
0,0.06,15,1.08305517,"[2.8645742059488626, 0.4500739346402185]"
0,0.06,16,1.08305522,"[2.8645696366836177, 0.450189552129913]"
0,0.06,17,1.08305518,"[2.8645641887853532, 0.4500191005518355]"
0,0.06,18,1.08305527,"[0.2770147465434516, -0.4499266647641029]"
0,0.06,19,1.08305517,"[0.2770321896193582, -0.45007413853107825]"
0,0.06,20,1.08305518,"[0.2769723493582633, -0.45008456940353414]"
0,0.06,21,1.30000686,"[1.3183235331609882, 0.44979095003806513]"
0,0.06,22,1.30000694,"[1.3183212437553962, 0.4497134369274213]"
0,0.06,23,1.30000776,"[1.3182352883176283, 0.449333720662918]"
0,0.06,24,1.08305517,"[2.8645875227130855, 0.45014330104275474]"
0,0.06,25,1.30000682,"[1.3183429753211577, 0.449893621678989]"
0,0.06,26,1.08305517,"[2.864577027018792, 0.45012348740953406]"
0,0.06,27,1.3000068,"[1.318314056691945, 0.4499083379782722]"
0,0.06,28,1.08305516,"[2.8645919961183637, 0.45011576177793133]"
0,0.06,29,1.30000728,"[1.318433347430362, 0.4503157868292816]"
0,0.06,30,1.08305518,"[0.27700741722705857, -0.45015397435002585]"
0,0.06,31,1.08305517,"[2.8645715567112617, 0.4501136994151283]"
0,0.06,32,1.61148642,"[2.4032028173698197, 3.256369643603324]"
0,0.06,33,1.08305549,"[2.8646105279901506, 0.45038642289124126]"
0,0.06,34,1.61148642,"[-0.7383726389215938, 3.256363451819141]"
0,0.06,35,1.30000683,"[1.3183389872279112, 0.45001784411469925]"
0,0.06,36,1.30000682,"[1.3183487842674388, 0.4499609495100691]"
0,0.06,37,1.08305517,"[2.8645690742979966, 0.45010535952749536]"
0,0.06,38,1.30000682,"[1.8232637308695583, -0.44999037406100206]"
0,0.06,39,1.3000068,"[1.3183208107894204, 0.44991890805295653]"
0,0.06,40,1.0830552,"[2.8645357762330357, 0.4500212755767424]"
0,0.1,1,1.70801213,"[2.865384621802475, 0.2708884660840611]"
0,0.1,2,2.4306931,"[2.392777864769419, 2.0117115497403395]"
0,0.1,3,2.0399548,"[1.3170233561640958, 0.2706160653151107]"
0,0.1,4,1.708012,"[3.4178095863033295, -0.27079919776902167]"
0,0.1,5,1.708012,"[0.27622537966884453, -0.2707898642102505]"
0,0.1,6,1.70801206,"[2.8653955857635696, 0.2707705458251081]"
0,0.1,7,2.45579383,"[3.8940043021769446, 2.216962489036395]"
0,0.1,8,2.4306931,"[2.392705882930879, 2.011739527538557]"
0,0.1,9,2.43069309,"[2.392739998754702, 2.0117196060803773]"
0,0.1,10,1.70801203,"[2.865369945793371, 0.2708444985096369]"
0,0.1,11,1.70801224,"[2.8652652356103174, 0.27079080401884753]"
0,0.1,12,1.70801204,"[2.865332529957847, 0.2707646621113179]"
0,0.1,13,1.70801205,"[3.417801524315132, -0.27076168137417245]"
0,0.1,14,2.4306931,"[2.392753387271453, 2.0117295373917816]"
0,0.1,15,1.70801214,"[2.86542820124962, 0.2708766818624801]"
0,0.1,16,1.70801204,"[2.8654043765828083, 0.2708215070373265]"
0,0.1,17,2.43069309,"[2.392745945319661, 2.011723660176427]"
0,0.1,18,2.03995478,"[1.3169469512408052, 0.2706287499344805]"
0,0.1,19,2.43069311,"[2.3926948761808235, 2.0116899853994417]"
0,0.1,20,2.03995479,"[1.3169986079706735, 0.27059691273306236]"
0,0.1,21,2.03995477,"[1.3169707256967436, 0.2706696022967449]"
0,0.1,22,2.43069311,"[2.392701523955373, 2.0116831487355538]"
0,0.1,23,2.03995476,"[1.316987157773603, 0.2706105448805025]"
0,0.1,24,1.70801204,"[2.8653325483421646, 0.27081444953371886]"
0,0.1,25,2.03995475,"[1.3169874345353076, 0.27064637638937156]"
0,0.1,26,1.70801201,"[2.865351674231147, 0.270783002557579]"
0,0.1,27,2.43069309,"[-0.7488601612863306, 2.0117215320435387]"
0,0.1,28,2.43069312,"[2.392718910936968, 2.011773620392212]"
0,0.1,29,1.70801204,"[-0.27622034366994375, 0.27075734115126143]"
0,0.1,30,2.4306931,"[2.392757570856433, 2.0116818909183967]"
0,0.1,31,1.70801202,"[2.865341305260235, 0.2707802510525437]"
0,0.1,32,1.7080121,"[0.27620689737735027, -0.27073977147220546]"
0,0.1,33,2.4306931,"[2.392764415614061, 2.011689827511202]"
0,0.1,34,2.4306931,"[2.3927334990785036, 2.0116824783969633]"
0,0.1,35,2.03995477,"[1.3169627093291156, 0.2706576196947461]"
0,0.1,36,2.43069309,"[2.3927376411143095, 2.0117124905920036]"
0,0.1,37,1.70801216,"[3.417879757150752, -0.270713106401548]"
0,0.1,38,1.70801205,"[3.4178098561722337, -0.2707557026553851]"
0,0.1,39,2.03995496,"[1.3169672612750958, 0.27051167365666634]"
0,0.1,40,1.70801219,"[2.8653281753317232, 0.2706967185882998]"
0,0.3,1,4.81942963,"[2.865576797859112, 0.0903412917628685]"
0,0.3,2,5.13492308,"[3.40738049157689, 1.3197617831844946]"
0,0.3,3,5.1349238,"[0.2657518657945064, 1.3197388740007316]"
0,0.3,4,4.81942871,"[2.8656196690039675, 0.09040345071222029]"
0,0.3,5,5.1349266,"[0.26556980974048616, 1.319755625204912]"
0,0.3,6,6.66913791,"[3.8993545818373407, 0.7355413282715147]"
0,0.3,7,5.92793242,"[0.2447590271781608, 2.7254393184302237]"
0,0.3,8,6.10552493,"[1.3277661584485243, 1.5098582620570602]"
0,0.3,9,5.13492375,"[0.2656869439858656, 1.3197682114583507]"
0,0.3,10,5.92792601,"[3.386548807908837, 2.725412463768065]"
0,0.3,11,4.81943144,"[2.8655089301905274, 0.09038291379922155]"
0,0.3,12,6.6609826,"[0.7567096103377179, -0.6784657445108101]"
0,0.3,13,4.81942734,"[2.865713381041011, 0.09036902206971406]"
0,0.3,14,5.92793573,"[3.386293627653645, 2.7254494847611936]"
0,0.3,15,4.81946706,"[0.27660070877609266, -0.0902668564623596]"
0,0.3,16,4.81942998,"[2.865567888251359, 0.09033579356603706]"
0,0.3,17,5.95887515,"[1.8180035513709418, 1.3206296071339263]"
0,0.3,18,6.10552308,"[1.3277855797376277, 1.5099086636212924]"
0,0.3,19,5.92793284,"[3.386960057082403, 2.7254037809571305]"
0,0.3,20,4.8194341,"[0.2755193196904806, -0.09045245818955515]"
0,0.3,21,5.13492772,"[3.4075955700966856, 1.319867251543229]"
0,0.3,22,5.9279264,"[0.24509999901888233, 2.7253729402789273]"
0,0.3,23,5.13492289,"[0.2657750473773032, 1.3197811438209908]"
0,0.3,24,5.12782518,"[2.8748799639953497, 1.5084558086204813]"
0,0.3,25,5.95888224,"[1.8177187093818188, 1.32055743020425]"
0,0.3,26,5.92792685,"[3.386786413020644, 2.72540427314098]"
0,0.3,27,6.66912848,"[0.7564327787718742, 0.7357148161778422]"
0,0.3,28,4.81942706,"[0.2758469248853275, -0.09039023022324127]"
0,0.3,29,5.77061304,"[1.3165460045352266, 0.09033873470705389]"
0,0.3,30,5.92792737,"[3.386805947307312, 2.72544998563938]"
0,0.3,31,4.8194274,"[2.8656977649687114, 0.09040063929240236]"
0,0.3,32,5.12782527,"[2.874954137213081, 1.5084996790734009]"
0,0.3,33,5.92792893,"[3.3864970488158033, 2.7254765729538475]"
0,0.3,34,5.92792546,"[0.2450936136607991, 2.7254049148689647]"
0,0.3,35,5.92615612,"[2.895267318361591, 2.9313481836725823]"
0,0.3,36,5.92793722,"[3.387047354907427, 2.725419213946136]"
0,0.3,37,6.66914568,"[0.7555674080076819, 0.7357318565553349]"
0,0.3,38,4.81943045,"[2.8655966604931877, 0.09031444716737201]"
0,0.3,39,6.10551989,"[1.3280114054144867, 1.5099688627272683]"
0,0.3,40,4.81944488,"[3.4179359171911736, -0.09029867925869499]"
0,1.0,1,16.60915801,"[2.857190860457221, 1.3009167739011158]"
0,1.0,2,16.08796994,"[2.864419153742759, 0.8760892434853136]"
0,1.0,3,15.72355325,"[2.8553259414769943, 0.02671959146208017]"
0,1.0,4,17.1664822,"[2.8753007716844836, 1.7262732923617232]"
0,1.0,5,18.77820484,"[3.3957425618228276, 2.5160773224197053]"
0,1.0,6,22.0386825,"[2.3753503169967356, 1.0523288694258772]"
0,1.0,7,21.80077113,"[2.336351077560902, -0.21988507253500736]"
0,1.0,8,15.799068,"[2.8707603096105694, 0.4518406834791625]"
0,1.0,9,20.71917756,"[2.9051115159972265, 3.4270340988719483]"
0,1.0,10,15.70401413,"[3.422138395524275, -0.026977649636367954]"
0,1.0,11,15.70635573,"[-0.2815472343133882, 0.026876706146311765]"
0,1.0,12,17.91555804,"[2.881573881107473, 2.151418161327095]"
0,1.0,13,15.70413963,"[2.870571687152161, 0.027240613500926936]"
0,1.0,14,16.55447759,"[2.867300005537286, 1.301016698223072]"
0,1.0,15,15.79917949,"[2.8625637816691176, 0.45151992085680304]"
0,1.0,16,15.70124769,"[2.86901605102049, 0.02721191764379697]"
0,1.0,17,17.92057007,"[2.879259458723241, 2.151294614597945]"
0,1.0,18,17.16906387,"[2.883715222237137, 1.7263703611862804]"
0,1.0,19,17.1767436,"[3.398907581807573, 1.6686222358263825]"
0,1.0,20,21.75489783,"[2.3487752117772893, 0.20456892229609433]"
0,1.0,21,20.61402816,"[1.8022593928306567, 2.092241298042553]"
0,1.0,22,21.91997256,"[2.338133153874629, 0.6299532467908248]"
0,1.0,23,16.09340532,"[0.2670155788373441, 0.8210391061295322]"
0,1.0,24,18.77500241,"[2.886826736172926, 2.5766017267715586]"
0,1.0,25,18.91343498,"[1.3140971541693027, -0.3973932052902765]"
0,1.0,26,21.92445486,"[2.4365636614271513, 0.6274185841143358]"
0,1.0,27,18.96163666,"[1.3210981601239025, 0.45183713538349707]"
0,1.0,28,18.7771577,"[2.8954509486344855, -2.515921388280947]"
0,1.0,29,18.85518529,"[1.3197167499641813, 0.027290451017413248]"
0,1.0,30,19.99989416,"[1.811460976193434, 1.668735759817699]"
0,1.0,31,21.71451662,"[3.8818602076208606, 0.22080939262299884]"
0,1.0,32,19.1359401,"[1.8177686660213468, 0.8210958248683339]"
0,1.0,33,17.91727916,"[2.8806378429700197, 2.151388519895636]"
0,1.0,34,20.17256159,"[1.3268142650814527, 1.7264029777849854]"
0,1.0,35,18.85761209,"[1.3114181548877466, 0.026922807097667204]"
0,1.0,36,15.70687156,"[2.8717201888480015, 0.027329839104160474]"
0,1.0,37,17.16646148,"[2.8752472254546992, 1.7261720250498942]"
0,1.0,38,18.77679273,"[-0.2555171202778209, 2.5765157119199587]"
0,1.0,39,20.00136716,"[1.8101296235275486, 1.668602110038945]"
0,1.0,40,21.8477988,"[3.9242235068762814, 0.6446425465495347]"
1,0.003,1,-0.07345756,"[2.597731876028188, 5.078649061368083]"
1,0.003,2,-0.07345778,"[2.597296928825529, 5.0790919561133165]"
1,0.003,3,-0.07346237,"[2.5975807072137416, 5.097166836952096]"
1,0.003,4,-0.07345468,"[2.597535082768136, 5.071515208534943]"
1,0.003,5,-0.07346221,"[2.597259328254425, 5.096491326342629]"
1,0.003,6,-0.07344542,"[2.597167303494494, 5.054668936162273]"
1,0.003,7,-0.07346009,"[-0.5441634703895174, 5.086350367973677]"
1,0.003,8,-0.07346275,"[2.5976506981428726, 5.100027698785287]"
1,0.003,9,-0.07345993,"[2.59720227939533, 5.085933527802542]"
1,0.003,10,-0.07346076,"[2.597592438899982, 5.088933621943606]"
1,0.003,11,-0.07346266,"[2.597652086446295, 5.099316689430251]"
1,0.003,12,-0.07346069,"[2.596863526773772, 5.089620516916298]"
1,0.003,13,-0.07346097,"[2.5968070108944104, 5.0910517521336685]"
1,0.003,14,-0.07345811,"[2.5978398757706773, 5.080282725875613]"
1,0.003,15,-0.07346308,"[2.597789167552209, 5.103741900344267]"
1,0.003,16,-0.07346196,"[2.5975431197446937, 5.094625350722825]"
1,0.003,17,-0.07345634,"[2.597322378828388, 5.075324813712262]"
1,0.003,18,-0.07345491,"[2.598122797429374, 5.07274473757874]"
1,0.003,19,-0.07345957,"[2.597597821359599, 5.084551417973676]"
1,0.003,20,-0.07345264,"[2.5974639814480396, 5.067229064698358]"
1,0.003,21,-0.07346109,"[2.597516972695166, 5.090330137051217]"
1,0.003,22,-0.07346185,"[2.597817607637078, 5.094214759414768]"
1,0.003,23,-0.07345561,"[2.597139107616255, 5.07362336709466]"
1,0.003,24,-0.0734596,"[2.597669959137903, 5.084720464715095]"
1,0.003,25,-0.07346118,"[2.597791686016467, 5.090910161010878]"
1,0.003,26,-0.07344825,"[2.597070600459745, 5.059203337932786]"
1,0.003,27,-0.07346063,"[2.597553460806853, 5.088408774497903]"
1,0.003,28,-0.0734601,"[2.5970531013961033, 5.086769559155804]"
1,0.003,29,-0.07346159,"[-0.5436995815147972, 5.092991530229119]"
1,0.003,30,-0.0734574,"[2.5980033364595077, 5.078591288449966]"
1,0.003,31,-0.07346106,"[0.543987722491955, -5.090215643875733]"
1,0.003,32,-0.07346045,"[2.5974721897021262, 5.087698543078628]"
1,0.003,33,-0.07346299,"[2.5975997386208802, 5.10246108408091]"
1,0.003,34,-0.07345605,"[2.597969216741155, 5.07511460561779]"
1,0.003,35,-0.0734628,"[2.5976149611310064, 5.100545820693035]"
1,0.003,36,-0.07345534,"[2.5979407679619815, 5.073397596810384]"
1,0.003,37,-0.07345845,"[2.5976274520614866, 5.081074430253536]"
1,0.003,38,-0.07345567,"[2.5994063373585385, 5.07929797063402]"
1,0.003,39,-0.07346215,"[2.597423239050501, 5.095823718079494]"
1,0.003,40,-0.07346019,"[2.5980309104068873, 5.087295125275987]"
1,0.006,1,0.06837672,"[2.776141608685075, 3.3349008305306946]"
1,0.006,2,0.06837234,"[2.776065466764063, 3.3499678809159983]"
1,0.006,3,0.06837363,"[2.7755597992407632, 3.3436472662458088]"
1,0.006,4,0.06838763,"[2.7752308428820958, 3.317715560047041]"
1,0.006,5,0.06840831,"[2.7755945793585215, 3.29932010499875]"
1,0.006,6,0.06837843,"[2.775710392766934, 3.330935302769903]"
1,0.006,7,0.06837611,"[-0.3659263655450032, 3.3356956924063983]"
1,0.006,8,0.06840797,"[2.7744948288568163, 3.2988654943337408]"
1,0.006,9,0.06837428,"[2.776618677024617, 3.3677092079658357]"
1,0.006,10,0.06839115,"[2.7753951019395298, 3.3138964352949025]"
1,0.006,11,0.06837532,"[2.7758419063658413, 3.3376207639364264]"
1,0.006,12,0.06838276,"[2.775535430260746, 3.3239944395319]"
1,0.006,13,0.06837832,"[2.775387089203841, 3.3312399458515625]"
1,0.006,14,0.06838398,"[2.775306985659617, 3.322301334296072]"
1,0.006,15,0.06837515,"[2.7757914116924765, 3.338074491293633]"
1,0.006,16,0.0683774,"[2.776819108078972, 3.375403198161031]"
1,0.006,17,0.0684106,"[2.773935174168502, 3.2974237743944492]"
1,0.006,18,0.06837636,"[2.7757287735692397, 3.3351131005177614]"
1,0.006,19,0.0683884,"[2.775089211848723, 3.316857878456644]"
1,0.006,20,0.06838506,"[2.7751902803383453, 3.3209137473551285]"
1,0.006,21,0.06837266,"[2.7761241665362317, 3.3474991040376594]"
1,0.006,22,0.06837501,"[2.7757928075816594, 3.338453332982247]"
1,0.006,23,0.0683827,"[2.777131470366619, 3.3842570420882394]"
1,0.006,24,0.06838996,"[2.7751896580651496, 3.3150846442593984]"
1,0.006,25,0.06837386,"[2.776559684496432, 3.3662879222969444]"
1,0.006,26,0.06838708,"[2.776623311419985, 3.321249170924356]"
1,0.006,27,0.06837335,"[2.7761398187450657, 3.3636565137283956]"
1,0.006,28,0.06837245,"[2.7763590984085518, 3.3593323394195713]"
1,0.006,29,0.06837259,"[-2.7760010384336087, -3.3479497816638553]"
1,0.006,30,0.0683941,"[3.5080955084846877, -3.3107952605893334]"
1,0.006,31,0.06839803,"[2.773243373070244, 3.3116114049709675]"
1,0.006,32,0.06837326,"[2.775952258624627, 3.344317702934024]"
1,0.006,33,0.06840523,"[2.774741559713257, 3.300957227437406]"
1,0.006,34,0.06838276,"[2.775395533705419, 3.3239776084429344]"
1,0.006,35,0.06837561,"[2.7754270501107015, 3.3373130097494843]"
1,0.006,36,0.068386,"[2.775238802922723, 3.319696534053865]"
1,0.006,37,0.06840248,"[2.774236467804861, 3.3036813635460405]"
1,0.006,38,0.06837766,"[2.7756001146454228, 3.332390657147359]"
1,0.006,39,0.06837305,"[2.775924871074633, 3.3453375998188184]"
1,0.006,40,0.06837229,"[2.776144468178132, 3.3504898141868313]"
1,0.01,1,0.1690897,"[2.829276390852345, 2.3047505534340282]"
1,0.01,2,0.16908978,"[2.829428812222689, 2.3045872793842777]"
1,0.01,3,0.16909302,"[2.829153840620105, 2.2975928601206466]"
1,0.01,4,0.1690894,"[2.8293493767549323, 2.306191247845683]"
1,0.01,5,0.16909181,"[2.829097461316396, 2.2995041290978504]"
1,0.01,6,0.16908994,"[2.8293259171721554, 2.3038672381131513]"
1,0.01,7,0.1690926,"[2.8297559012354294, 2.3195630696163314]"
1,0.01,8,0.16908951,"[2.829359677529764, 2.305577705699665]"
1,0.01,9,0.16909002,"[2.829674188564435, 2.31415535704694]"
1,0.01,10,0.16908992,"[2.829027198743734, 2.3045720525430147]"
1,0.01,11,0.16909153,"[2.829665004224375, 2.3176972418101816]"
1,0.01,12,0.1690922,"[2.829855103311846, 2.318945115237408]"
1,0.01,13,0.16909463,"[2.830078261532119, 2.322339165510128]"
1,0.01,14,0.16909507,"[2.8296049753408448, 2.3225999282413357]"
1,0.01,15,0.16911149,"[2.827885216374575, 2.282133470123874]"
1,0.01,16,0.1690895,"[2.8295738790168046, 2.3121509465740897]"
1,0.01,17,0.16908953,"[2.829596275992201, 2.3122728176062313]"
1,0.01,18,0.16909106,"[2.8291769642568556, 2.300969056490438]"
1,0.01,19,0.16908978,"[2.8295851772666, 2.3133379535083742]"
1,0.01,20,0.16909037,"[2.829284953201736, 2.3025950509435678]"
1,0.01,21,0.16909225,"[2.8298514339993726, 2.3190305094281256]"
1,0.01,22,0.16909038,"[2.8295946928332314, 2.3151825657972243]"
1,0.01,23,0.16908924,"[2.829511502521304, 2.3102623054846463]"
1,0.01,24,0.16909179,"[2.8290864512100864, 2.2995553879434025]"
1,0.01,25,0.16908981,"[2.829679102623783, 2.3134145603692344]"
1,0.01,26,0.16909184,"[2.8292334757008195, 2.299518706763765]"
1,0.01,27,0.16908952,"[-0.3122502567348732, 2.305544064896299]"
1,0.01,28,0.16908952,"[2.8295370872098418, 2.3122132998079428]"
1,0.01,29,0.16908965,"[2.829252569027392, 2.3049646942584814]"
1,0.01,30,0.16909184,"[2.8291023112163356, 2.299448077525307]"
1,0.01,31,0.16908978,"[2.829618160614049, 2.3133575184098003]"
1,0.01,32,0.16909301,"[2.8293322992366656, 2.297865799259708]"
1,0.01,33,0.16909039,"[2.8292447186317013, 2.302539178374715]"
1,0.01,34,0.16909011,"[2.829329993992938, 2.303368955192806]"
1,0.01,35,0.16908984,"[2.829671763386297, 2.3135645208315156]"
1,0.01,36,0.16908944,"[2.829355688814422, 2.305940598430359]"
1,0.01,37,0.16908943,"[2.829381074303941, 2.30602167179986]"
1,0.01,38,0.16909187,"[2.828857361339478, 2.299716785074803]"
1,0.01,39,0.1690899,"[2.8295596487531998, 2.3137440948362635]"
1,0.01,40,0.1690896,"[2.8295431095746926, 2.312608447000248]"
1,0.0209,1,0.37028008,"[-0.28468878022713623, 1.2162558560230858]"
1,0.0209,2,0.37027993,"[2.856875477969638, 1.2152158847146033]"
1,0.0209,3,0.37028017,"[2.8568279058267385, 1.2142482964480241]"
1,0.0209,4,0.37028,"[2.856901896849617, 1.2160072048662374]"
1,0.0209,5,0.3702802,"[2.856782421491901, 1.2141604483631914]"
1,0.0209,6,0.37028007,"[2.8567617248922446, 1.2145154856524132]"
1,0.0209,7,0.37027994,"[2.856868147572426, 1.2155972226632086]"
1,0.0209,8,0.37028019,"[-0.2845929794999127, 1.2164904119985689]"
1,0.0209,9,0.37028011,"[2.8568579950213073, 1.2144252689539585]"
1,0.0209,10,0.37027996,"[2.856832798724853, 1.2149442439455012]"
1,0.0209,11,0.37028004,"[2.856796405039161, 1.2145879299125113]"
1,0.0209,12,0.37028017,"[2.856753945679212, 1.2142415320803115]"
1,0.0209,13,0.37028011,"[2.8568516357441958, 1.2162779194794568]"
1,0.0209,14,0.37028002,"[2.8568895400284604, 1.2160589668232926]"
1,0.0209,15,0.37027996,"[0.2846856090658948, -1.2157559237304303]"
1,0.0209,16,0.37028007,"[2.856783225192064, 1.21449483119593]"
1,0.0209,17,0.37027994,"[2.8568546042927525, 1.2156235050013282]"
1,0.0209,18,0.37027995,"[0.28477780297255323, -1.2150294481959918]"
1,0.0209,19,0.37028011,"[0.2847633819468262, -1.2143790175630211]"
1,0.0209,20,0.37027999,"[-0.28480465956601186, 1.2148222095250814]"
1,0.0209,21,0.37028002,"[3.4263317706256897, -1.2147042467011016]"
1,0.0209,22,0.37028018,"[2.856870680738095, 1.2164860088982488]"
1,0.0209,23,0.37027993,"[2.8568409162427346, 1.2154632799944467]"
1,0.0209,24,0.37027995,"[0.2847549128706336, -1.2156364226192642]"
1,0.0209,25,0.37028027,"[2.856960830672116, 1.2166999897106132]"
1,0.0209,26,0.37027993,"[2.8568964285294935, 1.21546392543505]"
1,0.0209,27,0.37028042,"[2.856999810899728, 1.2169641186268736]"
1,0.0209,28,0.37027994,"[2.856837151870686, 1.215533821127467]"
1,0.0209,29,0.37027993,"[2.8568644827737084, 1.215259517642778]"
1,0.0209,30,0.37027995,"[2.8568780884196996, 1.2157276516634943]"
1,0.0209,31,0.37028003,"[2.856891772300444, 1.2161171020925106]"
1,0.0209,32,0.37028039,"[2.8569951699771443, 1.216921341461376]"
1,0.0209,33,0.37028001,"[2.8568172069759483, 1.2146982608896641]"
1,0.0209,34,0.37027993,"[2.856882621461748, 1.2153612726907899]"
1,0.0209,35,0.37028051,"[2.8569194571545453, 1.2171005673271158]"
1,0.0209,36,0.37027999,"[2.856906780739411, 1.215923778759722]"
1,0.0209,37,0.37027994,"[2.856819046982543, 1.2150604963625748]"
1,0.0209,38,0.37028032,"[2.8569025004612856, 1.2167891531847284]"
1,0.0209,39,0.37028016,"[2.8569072907231954, 1.2164737853124505]"
1,0.0209,40,0.37028001,"[2.8569215158066363, 1.216002443505298]"
1,0.021,1,0.37199239,"[2.8568981309608, 1.2095898829169276]"
1,0.021,2,0.37199298,"[2.857078344121768, 1.211759295410784]"
1,0.021,3,0.3719924,"[2.8568658943851295, 1.2095545275820299]"
1,0.021,4,0.37199241,"[2.8568585187938886, 1.2095577169714442]"
1,0.021,5,0.37199274,"[2.856810172195866, 1.2085631638725116]"
1,0.021,6,0.37199253,"[2.85699398995032, 1.2109106319045915]"
1,0.021,7,0.37199255,"[2.857037071488808, 1.210944646437815]"
1,0.021,8,0.3719927,"[2.8569630703984767, 1.211264827633996]"
1,0.021,9,0.37199274,"[2.8569794552054404, 1.2113533461726613]"
1,0.021,10,0.37199256,"[2.8568254799957025, 1.2089863974631148]"
1,0.021,11,0.37199238,"[2.8568842703796475, 1.2097005067391773]"
1,0.021,12,0.37199294,"[2.8570166326270408, 1.211697037097338]"
1,0.021,13,0.37199244,"[2.8569358596122605, 1.2093432850774932]"
1,0.021,14,0.37199244,"[2.8568982987014215, 1.2093183236364853]"
1,0.021,15,0.37199238,"[2.8569127501679814, 1.210173551278166]"
1,0.021,16,0.37199243,"[2.85692593014478, 1.2093799140826376]"
1,0.021,17,0.3719924,"[2.856895388171878, 1.209508515103088]"
1,0.021,18,0.37199242,"[2.8569441365214416, 1.2094260575258495]"
1,0.021,19,0.37199261,"[0.2847830962318961, -1.2088660333188408]"
1,0.021,20,0.37199267,"[-0.28464440783564426, 1.2111768005323076]"
1,0.021,21,0.3719924,"[2.856958961042114, 1.2104224450225451]"
1,0.021,22,0.37199279,"[2.8570515592092556, 1.2114590220759938]"
1,0.021,23,0.3719924,"[2.8569738568129903, 1.210403266423621]"
1,0.021,24,0.37199239,"[2.8569291825542056, 1.2103106115987148]"
1,0.021,25,0.37199293,"[2.857102638124017, 1.211667546086392]"
1,0.021,26,0.3719925,"[2.8569116788753885, 1.2091249355820675]"
1,0.021,27,0.37199238,"[2.856976217868077, 1.2102608697635997]"
1,0.021,28,0.3719925,"[2.856858201789436, 1.2091058730448372]"
1,0.021,29,0.3719929,"[2.8567644920440265, 1.2083313568756175]"
1,0.021,30,0.37199238,"[2.856978055199388, 1.2102870271442019]"
1,0.021,31,0.37199255,"[2.8568727794391173, 1.208958753250409]"
1,0.021,32,0.37199262,"[2.8570857269988323, 1.2110554103795488]"
1,0.021,33,0.37199275,"[2.856901256438715, 1.2085646892552977]"
1,0.021,34,0.37199271,"[2.8570833142568843, 1.2112948163995936]"
1,0.021,35,0.37199516,"[2.85723668840721, 1.213786817850208]"
1,0.021,36,0.37199244,"[2.8569186662563446, 1.210524435727184]"
1,0.021,37,0.37199246,"[2.856838195406772, 1.2093310263217723]"
1,0.021,38,0.37199246,"[2.8569550656145264, 1.209329414299702]"
1,0.021,39,0.37199254,"[2.8569558908046617, 1.2109192817923964]"
1,0.021,40,0.37199246,"[2.8569547261827752, 1.2106784119763543]"
1,0.03,1,0.52295957,"[2.861409249363594, 0.8619502448229674]"
1,0.03,2,0.52295953,"[2.861329747149662, 0.8621192242215154]"
1,0.03,3,0.67758165,"[1.325239135943716, 0.8621228369403537]"
1,0.03,4,0.5229595,"[2.8613996911562163, 0.862514809750581]"
1,0.03,5,0.52295956,"[2.86140970376656, 0.8627097594157933]"
1,0.03,6,0.52295949,"[2.8614255561627124, 0.862278437141388]"
1,0.03,7,0.6775817,"[1.3252687462439017, 0.8615554327479217]"
1,0.03,8,0.52295951,"[2.8614430067081975, 0.862552913798232]"
1,0.03,9,0.52295962,"[2.8614911533955336, 0.8628299162220644]"
1,0.03,10,0.52295984,"[2.8614318606111198, 0.8631576562401388]"
1,0.03,11,0.52295957,"[2.8614557929932105, 0.8627422777005387]"
1,0.03,12,0.52295953,"[2.8613721339489966, 0.8620290880816589]"
1,0.03,13,0.52295963,"[2.861462161540893, 0.8628782738862038]"
1,0.03,14,0.52295956,"[2.8613333677721577, 0.861974740952102]"
1,0.03,15,0.52295948,"[2.861403831447865, 0.8623308285228536]"
1,0.03,16,0.52295948,"[2.861414957992202, 0.862383050469265]"
1,0.03,17,0.52295971,"[2.8613533331038696, 0.8616769813790567]"
1,0.03,18,0.5229595,"[-0.280213442843568, 0.8624650656334911]"
1,0.03,19,0.67758189,"[1.3251678564845153, 0.8610416610813996]"
1,0.03,20,0.52295971,"[2.861426549731802, 0.8617536266939861]"
1,0.03,21,0.5229596,"[2.861475804134857, 0.8628159554893393]"
1,0.03,22,0.6775817,"[1.3252812271616894, 0.8623599959702262]"
1,0.03,23,0.52295967,"[2.8613862066834015, 0.862877059866299]"
1,0.03,24,0.52295949,"[2.861402258816697, 0.8622358490868454]"
1,0.03,25,0.52295962,"[-0.28007618414526775, 0.8627783598716886]"
1,0.03,26,0.52295957,"[2.8613587594667957, 0.8619347464882839]"
1,0.03,27,0.52295991,"[2.861466592890073, 0.8632466146040967]"
1,0.03,28,0.52295967,"[2.861395819935376, 0.8617698719991211]"
1,0.03,29,0.5229595,"[2.861382744406904, 0.8621302844361259]"
1,0.03,30,0.5229595,"[0.28018013657545676, -0.8625248564348663]"
1,0.03,31,0.5229595,"[2.8614521534742376, 0.8624783150493068]"
1,0.03,32,0.52295974,"[2.8614831197839785, 0.8630457123038455]"
1,0.03,33,0.52295948,"[2.8613848030337534, 0.8623751912155283]"
1,0.03,34,0.67758247,"[1.3253359080876121, 0.863430988421563]"
1,0.03,35,0.52295949,"[-0.28016020901384775, 0.8624461147811013]"
1,0.03,36,0.52295949,"[2.8614343578593213, 0.8623364876662826]"
1,0.03,37,0.52295962,"[-0.2801543263722762, 0.862859109558856]"
1,0.03,38,0.52295956,"[2.8613907957425195, 0.8626951167402842]"
1,0.03,39,0.52295952,"[2.861420828436896, 0.8626021396370739]"
1,0.03,40,0.52295949,"[2.861394638188582, 0.8624424665870064]"
1,0.06,1,1.01083049,"[3.418466122096414, -0.4373344586826933]"
1,0.06,2,1.01083036,"[2.864663459886682, 0.43715888299232586]"
1,0.06,3,1.23450268,"[1.318461329006665, 0.43699673466614164]"
1,0.06,4,1.01083035,"[2.864703546800925, 0.4371649201838158]"
1,0.06,5,1.01083035,"[0.2768902878900553, -0.4371235170629188]"
1,0.06,6,1.01083051,"[2.8647724715748946, 0.4373313840293879]"
1,0.06,7,1.56106945,"[-0.7377750630875927, 3.151287144599717]"
1,0.06,8,1.23450272,"[1.3184172181774418, 0.4369264509762685]"
1,0.06,9,1.56106945,"[2.4038539102176837, 3.151290920941593]"
1,0.06,10,1.01083038,"[2.8646867412588377, 0.4370633950006873]"
1,0.06,11,1.01083036,"[2.8647249243117847, 0.43717551898381707]"
1,0.06,12,1.01083042,"[2.8647548355118175, 0.4372458415881177]"
1,0.06,13,1.01083037,"[2.864720632605447, 0.43720643276052856]"
1,0.06,14,1.56106945,"[2.4038249918438326, 3.151303728164008]"
1,0.06,15,1.01083036,"[2.864679894186107, 0.43719161447952837]"
1,0.06,16,1.01083038,"[2.86465048857225, 0.4371336605524041]"
1,0.06,17,1.01083037,"[2.8646597117724726, 0.4371455843441671]"
1,0.06,18,1.01083035,"[0.2768978973023824, -0.4371554984662508]"
1,0.06,19,1.01083047,"[0.2769738822321305, -0.43719651157983414]"
1,0.06,20,1.01083037,"[0.27691997309921385, -0.43719756745282634]"
1,0.06,21,1.2345027,"[1.31845051717801, 0.4370167283814215]"
1,0.06,22,1.23450269,"[1.3184780181697293, 0.4370353473127588]"
1,0.06,23,1.23450268,"[1.3185054047167306, 0.43699159045842]"
1,0.06,24,1.01083044,"[2.8647485167676026, 0.43729135191157015]"
1,0.06,25,1.23450268,"[1.3184930889747184, 0.4369502955800998]"
1,0.06,26,1.01083042,"[2.864623473971355, 0.4370978106176267]"
1,0.06,27,1.23450268,"[1.3184638436160758, 0.43691213149815594]"
1,0.06,28,1.01083036,"[2.864708964453762, 0.4371036817039393]"
1,0.06,29,1.23450275,"[1.318456024112326, 0.4368043805581347]"
1,0.06,30,1.56106945,"[2.4038603173902895, 3.1512898440477395]"
1,0.06,31,1.01083035,"[2.8646801993516013, 0.43713903643675805]"
1,0.06,32,1.56106945,"[2.4038575212666595, 3.1512683339353362]"
1,0.06,33,1.01083044,"[2.8647272936014927, 0.4373000184010399]"
1,0.06,34,1.56106945,"[2.4038869277567354, 3.151287354498582]"
1,0.06,35,1.23450268,"[1.3184937635676584, 0.43702896908098177]"
1,0.06,36,1.23450288,"[1.318383504625718, 0.4367314850139077]"
1,0.06,37,1.01083036,"[2.864717308282378, 0.4372032698706603]"
1,0.06,38,1.01083038,"[2.864684212408147, 0.43705863595496686]"
1,0.06,39,1.23450267,"[1.3184825180319832, 0.43696746277907467]"
1,0.06,40,1.01083045,"[2.864757629898604, 0.43728663357608133]"
1,0.1,1,1.65377376,"[2.865450876102822, 0.26308281714847953]"
1,0.1,2,2.40090687,"[2.393111253253323, 1.9535632832983447]"
1,0.1,3,1.99563636,"[1.3170169643630656, 0.2629275445194291]"
1,0.1,4,1.65377377,"[3.4177545733108063, -0.2630485855654685]"
1,0.1,5,1.65377375,"[0.2761824092336117, -0.2631344509954306]"
1,0.1,6,1.65377378,"[2.8654192495759556, 0.2631488122199988]"
1,0.1,7,2.42820401,"[3.8938219478001894, 2.15458197219985]"
1,0.1,8,2.40090686,"[-0.7484883043254763, 1.9535510129162457]"
1,0.1,9,2.40090686,"[2.393102679013686, 1.9535111300117125]"
1,0.1,10,1.65377372,"[2.8653985104905453, 0.2631081406788325]"
1,0.1,11,1.6537738,"[2.865463208346013, 0.26313614157181375]"
1,0.1,12,1.6537737,"[2.865399293148844, 0.26308664886503663]"
1,0.1,13,1.65377374,"[2.8654401371299674, 0.26308742803977736]"
1,0.1,14,2.40090686,"[2.3930641252281317, 1.9535417683512366]"
1,0.1,15,1.65377371,"[2.8653968214690524, 0.26309202360947165]"
1,0.1,16,1.65377372,"[2.8653889010382656, 0.26310847590898023]"
1,0.1,17,2.40090688,"[2.393153774255064, 1.9535713692570975]"
1,0.1,18,1.99563649,"[1.3171150979611421, 0.2629978106071381]"
1,0.1,19,2.40090687,"[2.393120964528432, 1.9535062834012353]"
1,0.1,20,1.99563637,"[1.3170683778499732, 0.2629594780938687]"
1,0.1,21,1.9956365,"[1.3171218588899958, 0.26292828102814714]"
1,0.1,22,2.40090686,"[2.393133216538515, 1.9535331797085098]"
1,0.1,23,1.99563635,"[1.3170578726514464, 0.26292390353825096]"
1,0.1,24,1.65377375,"[2.865448412773439, 0.2631013576325176]"
1,0.1,25,1.99563638,"[1.317082106048202, 0.26293363804132236]"
1,0.1,26,1.65377374,"[2.86540385665784, 0.2631292853024838]"
1,0.1,27,2.40090687,"[2.393142723826966, 1.9535487230545923]"
1,0.1,28,2.40090687,"[2.393142455971239, 1.9535182496688663]"
1,0.1,29,1.9956364,"[1.317087986026123, 0.262916662465889]"
1,0.1,30,2.40090687,"[2.393127715002486, 1.9535068588800821]"
1,0.1,31,1.6537738,"[2.865347048061108, 0.2630353659522041]"
1,0.1,32,2.40090686,"[2.3930761234543287, 1.9535314095212992]"
1,0.1,33,2.40090686,"[2.3930915988868793, 1.953546682141432]"
1,0.1,34,2.40090687,"[2.393142638362428, 1.953515861070919]"
1,0.1,35,2.40090687,"[2.3931436641470594, 1.9535513600136931]"
1,0.1,36,1.65377378,"[2.8653481505942273, 0.26306079915598585]"
1,0.1,37,1.65377376,"[3.4178304488768028, -0.26307601627805294]"
1,0.1,38,1.65377395,"[3.417701552973842, -0.2630475331492823]"
1,0.1,39,1.99563634,"[1.3170480404373246, 0.2629208996770073]"
1,0.1,40,1.65377375,"[2.865360776004526, 0.2630777210167964]"
1,0.3,1,4.85569174,"[2.8657914317580775, 0.08780665705971419]"
1,0.3,2,5.21493824,"[3.4057578734210843, 1.2818513722879064]"
1,0.3,3,5.21493971,"[0.2639858535835295, 1.2818212244127705]"
1,0.3,4,4.85569376,"[2.865573136173241, 0.08781482146522145]"
1,0.3,5,5.21493912,"[0.26424285467429376, 1.2818652751341355]"
1,0.3,6,6.75171659,"[5.52561254967774, 0.6593340182431147]"
1,0.3,7,6.11533926,"[0.23968361738536595, 2.6469101256895256]"
1,0.3,8,6.11534236,"[3.381066497181013, 2.6469388390372353]"
1,0.3,9,6.13021818,"[2.901593259778287, 2.8494313188504274]"
1,0.3,10,5.21675761,"[2.8768383395829398, 1.466297205557842]"
1,0.3,11,4.85569244,"[2.865838939539707, 0.08780329682381474]"
1,0.3,12,6.7517065,"[0.7571593803406728, -0.6593379379964118]"
1,0.3,13,4.85569136,"[2.865726038206629, 0.08783002718820483]"
1,0.3,14,6.11534097,"[3.381112995565239, 2.64687593364708]"
1,0.3,15,4.85569152,"[-0.2758478338545254, 0.08784842863678093]"
1,0.3,16,4.8556913,"[2.865741861131061, 0.08782361594616059]"
1,0.3,17,6.0571647,"[1.816410141511805, 1.2827185396325829]"
1,0.3,18,6.05716792,"[1.816549530969243, 1.2827602392458004]"
1,0.3,19,6.05717128,"[1.8166595222133572, 1.2827373543285499]"
1,0.3,20,4.85569179,"[-0.27587321769786777, 0.08779746735070473]"
1,0.3,21,5.21675456,"[2.87696523005782, 1.466262914436254]"
1,0.3,22,6.21738828,"[1.3302560892024615, 1.4676822068481779]"
1,0.3,23,6.11534248,"[3.381050204318881, 2.6468779122400967]"
1,0.3,24,6.05716793,"[1.8161447878460557, 1.2827094730248234]"
1,0.3,25,5.21494108,"[0.2642709781106823, 1.2819502243745404]"
1,0.3,26,6.75169736,"[2.385439415172623, 0.659218310543695]"
1,0.3,27,6.76027039,"[0.7577281222724638, 0.7147981805856193]"
1,0.3,28,7.11198582,"[2.3920499611631882, 2.0271705223566956]"
1,0.3,29,5.83469614,"[1.3162285738215656, 0.08776931107550051]"
1,0.3,30,6.0571673,"[1.8161471046060609, 1.282672585347122]"
1,0.3,31,4.85569135,"[2.8657729366763176, 0.08782003379837351]"
1,0.3,32,6.05716437,"[1.8163568806804897, 1.2826907623772363]"
1,0.3,33,6.11536632,"[3.3818333392806372, 2.6469501389598484]"
1,0.3,34,6.11534219,"[0.23946953181862027, 2.6469292348726245]"
1,0.3,35,5.21493923,"[0.264253195876509, 1.2819132544284813]"
1,0.3,36,5.21676207,"[0.26492714979225024, -1.466170346104248]"
1,0.3,37,4.85570352,"[3.4178407637416397, -0.08779444865036487]"
1,0.3,38,4.85569187,"[2.8657216800474314, 0.08785468092617467]"
1,0.3,39,4.85569195,"[-0.27575148062437344, 0.08785958096001358]"
1,0.3,40,4.85569172,"[3.4173460773057935, -0.08784142639009258]"
1,1.0,1,19.29920173,"[1.318473551462517, 0.026364783034541896]"
1,1.0,2,22.36996019,"[2.4408921441527403, 0.19764632625281928]"
1,1.0,3,16.1690732,"[3.4126311429951524, 0.3857898559417187]"
1,1.0,4,21.76662346,"[3.3724180302934603, 3.267272741399593]"
1,1.0,5,17.03806867,"[0.26204729004570587, 1.2094843583022825]"
1,1.0,6,17.74681931,"[6.025091256951287, 1.6776173042934925]"
1,1.0,7,22.36533252,"[2.405859945127696, 0.6098692601107039]"
1,1.0,8,22.36949513,"[1.344904357141203, 2.5042635200517305]"
1,1.0,9,18.598106,"[3.391793666863929, 2.0327656463718076]"
1,1.0,10,18.61298995,"[2.8825683712242194, 2.0905508434892526]"
1,1.0,11,16.17091546,"[0.27010471924734764, 0.3856308179918984]"
1,1.0,12,16.1828974,"[0.28321354389981407, -0.43842959324444514]"
1,1.0,13,16.06897259,"[2.874204029967965, 0.02669065556303785]"
1,1.0,14,17.75523878,"[2.8876006125391287, 1.6776944673891192]"
1,1.0,15,22.24329897,"[3.8821315486602472, 0.21459994213570527]"
1,1.0,16,16.05669048,"[3.4131184826450753, -0.026455177556135377]"
1,1.0,17,20.05361226,"[1.8144087656752288, 1.2096307869589566]"
1,1.0,18,22.36426948,"[0.7363599859217294, -0.60984470540097]"
1,1.0,19,23.26601915,"[1.3517932171650104, 2.9176064194693376]"
1,1.0,20,22.31255076,"[2.3408193862276128, 0.19835196236618563]"
1,1.0,21,18.60622356,"[2.8853344835776644, 2.090676698188212]"
1,1.0,22,18.60130655,"[0.24841545432772813, 2.032736737662006]"
1,1.0,23,17.74473007,"[0.263003693250394, 1.6213942646731314]"
1,1.0,24,17.03629219,"[2.87283509975215, 1.2644521911744697]"
1,1.0,25,19.30156504,"[1.8214014088540669, -0.02645541193813623]"
1,1.0,26,19.72918715,"[1.8169030634205905, -0.8518505614691114]"
1,1.0,27,18.59694749,"[0.2542468977314616, 2.032831991372777]"
1,1.0,28,22.12544325,"[1.791719425087615, 2.444181591286312]"
1,1.0,29,19.30334268,"[1.3211006824320977, 0.026565977892014817]"
1,1.0,30,16.50199525,"[-0.2682247225139035, 0.8516144605842225]"
1,1.0,31,22.2427782,"[3.8824930007525777, 0.21452981567381463]"
1,1.0,32,18.60884361,"[2.8932743450468994, 2.090808844084968]"
1,1.0,33,16.50647554,"[2.8755474499285767, 0.8516925163910027]"
1,1.0,34,21.3259672,"[1.8010442469040295, 2.0327008194488]"
1,1.0,35,19.30738557,"[1.3097674798504526, 0.026018640754270468]"
1,1.0,36,17.03870881,"[2.8713223588250525, 1.2643005791431825]"
1,1.0,37,19.36831484,"[1.8236080075995977, 0.3858962724266746]"
1,1.0,38,22.3583549,"[3.9083746387527536, 0.6266233554274783]"
1,1.0,39,16.50729775,"[0.27700276118264955, 0.7980694794128486]"
1,1.0,40,21.3268757,"[1.8004834196282604, 2.0326473103306415]"
2,0.003,1,0.03386857,"[2.636870666937043, 5.74844195471122]"
2,0.003,2,0.03391615,"[2.635293884659346, 5.659109296376182]"
2,0.003,3,0.0340353,"[2.633157230055771, 5.561726048893169]"
2,0.003,4,0.03386904,"[2.6371349477058876, 5.746200695425598]"
2,0.003,5,0.03389759,"[2.636279061688327, 5.6830453160618655]"
2,0.003,6,0.03394193,"[2.634693914297454, 5.632276180078229]"
2,0.003,7,0.03391106,"[2.6344274621311565, 5.666544242671686]"
2,0.003,8,0.03390593,"[2.6335474933595804, 5.676068074667918]"
2,0.003,9,0.0338948,"[2.6351910348569714, 5.688134851555055]"
2,0.003,10,0.03387907,"[2.6369265490539595, 5.716128458502967]"
2,0.003,11,0.03393709,"[2.6339004488968625, 5.638076480057559]"
2,0.003,12,0.03391537,"[2.639698932288273, 5.668850098412535]"
2,0.003,13,0.03396897,"[2.6351318431262207, 5.608304440435214]"
2,0.003,14,0.03393012,"[2.635492824768244, 5.643632164873159]"
2,0.003,15,0.03389893,"[2.6358501511385466, 5.681150036775763]"
2,0.003,16,0.03395641,"[2.635708048695761, 5.618927922060713]"
2,0.003,17,0.03405641,"[2.6343139692798583, 5.548178094688288]"
2,0.003,18,0.03397452,"[2.638523917448483, 5.608717934043166]"
2,0.003,19,0.0339276,"[2.635959701550133, 5.6462920197414075]"
2,0.003,20,0.03401888,"[2.6347391635052193, 5.571777512637383]"
2,0.003,21,0.03392857,"[2.6363355501837535, 5.645479033307056]"
2,0.003,22,0.03387656,"[2.636052933732504, 5.72256880742043]"
2,0.003,23,0.03392781,"[2.635735074149624, 5.646023214606147]"
2,0.003,24,0.03390785,"[2.6349236579551945, 5.6698174366610035]"
2,0.003,25,0.03399319,"[2.628088793453619, 5.610212544421357]"
2,0.003,26,0.03398953,"[2.6307357979819255, 5.599765477644573]"
2,0.003,27,0.03402945,"[2.634978155734395, 5.564926981804002]"
2,0.003,28,0.03393481,"[2.6363594051050487, 5.639196336569895]"
2,0.003,29,0.03395153,"[-2.6354772059221068, -5.623145777543453]"
2,0.003,30,0.03387795,"[2.636806084824736, 5.718652762878132]"
2,0.003,31,0.03398453,"[0.5065175201787075, -5.596118274427161]"
2,0.003,32,0.03393733,"[2.6368280907891344, 5.637237238539729]"
2,0.003,33,0.0339758,"[2.6343240388084497, 5.60308604454209]"
2,0.003,34,0.03391284,"[2.6367403698748526, 5.663274512372343]"
2,0.003,35,0.03388555,"[2.6354392009779146, 5.703813442085879]"
2,0.003,36,0.03388712,"[2.635977549994801, 5.700100681935389]"
2,0.003,37,0.03392414,"[2.634912646515555, 5.650322028930124]"
2,0.003,38,0.03395869,"[2.6350680360943315, 5.6168993544988846]"
2,0.003,39,0.03393943,"[2.638817337604747, 5.639826208985657]"
2,0.003,40,0.03387159,"[2.6368568883982055, 5.736354209566436]"
2,0.006,1,0.14400674,"[2.790038730295974, 3.7330462825434725]"
2,0.006,2,0.14400284,"[2.789935683988732, 3.736863587945957]"
2,0.006,3,0.14404671,"[2.788882130216664, 3.7011672830755487]"
2,0.006,4,0.14399131,"[2.79006292533162, 3.7504220338923866]"
2,0.006,5,0.14415874,"[2.789112627348559, 3.6453261725245705]"
2,0.006,6,0.14408512,"[2.7885717431483443, 3.6784694053034137]"
2,0.006,7,0.14397485,"[2.791615466177123, 3.810799564589159]"
2,0.006,8,0.14408715,"[2.7900292073332698, 3.679233011077819]"
2,0.006,9,0.14397491,"[2.791418974682325, 3.8114855359262747]"
2,0.006,10,0.14403329,"[2.7881732290596837, 3.7113968188119126]"
2,0.006,11,0.14404104,"[2.7890203858425724, 3.704997088588953]"
2,0.006,12,0.14397473,"[2.7908329801235863, 3.7862155530546504]"
2,0.006,13,0.14397615,"[2.7907799746600226, 3.780158101236185]"
2,0.006,14,0.14406656,"[2.7879041593037854, 3.689223746350097]"
2,0.006,15,0.14408198,"[2.787759245348636, 3.680444283458288]"
2,0.006,16,0.14397506,"[2.7908320060761103, 3.7845712767595785]"
2,0.006,17,0.14406646,"[2.788738585223735, 3.6888931568821217]"
2,0.006,18,0.14406286,"[2.7891618054522724, 3.6912035285255205]"
2,0.006,19,0.1440135,"[2.7894786129018816, 3.726479282097283]"
2,0.006,20,0.14398703,"[2.7922897361056327, 3.8401299262564725]"
2,0.006,21,0.14400919,"[2.791928753122885, 3.866114258896036]"
2,0.006,22,0.14397752,"[2.790422953921198, 3.7758773404511317]"
2,0.006,23,0.14397701,"[2.791394164111688, 3.819363259334707]"
2,0.006,24,0.14407617,"[2.7875193011133033, 3.684036247214538]"
2,0.006,25,0.14397705,"[2.7902294227345297, 3.7778734382298116]"
2,0.006,26,0.1440869,"[2.7877007522409327, 3.6777900147256495]"
2,0.006,27,0.14398051,"[2.790335841727387, 3.7684095249120944]"
2,0.006,28,0.14397421,"[2.7909574382605578, 3.7894374120700065]"
2,0.006,29,0.14417773,"[2.789165821838786, 3.6379794352209833]"
2,0.006,30,0.14411216,"[2.789004326554781, 3.6653233939032637]"
2,0.006,31,0.14410236,"[2.788924912614283, 3.6699193549385227]"
2,0.006,32,0.14402403,"[2.789332704422224, 3.717583458380692]"
2,0.006,33,0.14408656,"[2.78396552863293, 3.6948403867946022]"
2,0.006,34,0.14397361,"[2.791134527991967, 3.7998766575957905]"
2,0.006,35,0.14397798,"[2.7914583772563617, 3.8222039568497372]"
2,0.006,36,0.14397414,"[2.7909770609421223, 3.7899413047486568]"
2,0.006,37,0.14402046,"[2.7863232594187375, 3.7336006284218066]"
2,0.006,38,0.14408853,"[2.787452609980885, 3.6771793146677796]"
2,0.006,39,0.14399089,"[2.790114698007668, 3.751002737380125]"
2,0.006,40,0.1439931,"[2.7898983102637485, 3.748072123083826]"
2,0.01,1,0.22915405,"[2.83429043929614, 2.547796514739288]"
2,0.01,2,0.2291439,"[2.8357125670381733, 2.5597965526726076]"
2,0.01,3,0.22915486,"[2.8350628887163962, 2.544113850099477]"
2,0.01,4,0.2291427,"[2.836100595238784, 2.5717114823857274]"
2,0.01,5,0.22916156,"[2.8350643677044363, 2.538244300614077]"
2,0.01,6,0.22914319,"[2.836264298307596, 2.5740808975880345]"
2,0.01,7,0.22914499,"[-0.30525526803829395, 2.5790447584478557]"
2,0.01,8,0.22916243,"[2.836284052997706, 2.5399909371901828]"
2,0.01,9,0.22914394,"[2.835804576088106, 2.5596812569208067]"
2,0.01,10,0.22918627,"[2.833869573003432, 2.523620096472169]"
2,0.01,11,0.22915081,"[2.8372213059799596, 2.5868728588926575]"
2,0.01,12,0.22914333,"[2.8362786400336626, 2.574610756827641]"
2,0.01,13,0.22914269,"[2.8361198764359434, 2.5716395527431515]"
2,0.01,14,0.22914305,"[2.8362249187240343, 2.57350994211553]"
2,0.01,15,0.22915023,"[2.8355823229434627, 2.54907562164022]"
2,0.01,16,0.22914371,"[2.8362935040962753, 2.5758500185343434]"
2,0.01,17,0.22917893,"[2.8347298871589746, 2.526897351064491]"
2,0.01,18,0.22914274,"[2.8361386958963957, 2.5719782678594454]"
2,0.01,19,0.22915113,"[0.30608064983988453, -2.5479785871609817]"
2,0.01,20,0.22921978,"[2.8356775414701834, 2.5102302303161133]"
2,0.01,21,0.22915799,"[2.8365060560624697, 2.5948333836071558]"
2,0.01,22,0.2291453,"[2.8355340843695527, 2.5565790322827837]"
2,0.01,23,0.22914643,"[2.8364980608225023, 2.581778436350023]"
2,0.01,24,0.22914351,"[2.8362942247812075, 2.575203454925571]"
2,0.01,25,0.22915983,"[-0.3068346041697282, 2.539891584372189]"
2,0.01,26,0.2291485,"[2.8353010278934323, 2.5513786259705995]"
2,0.01,27,0.2291434,"[2.8358371343018782, 2.5613163716635237]"
2,0.01,28,0.22914459,"[2.8357675365830732, 2.5580368254747063]"
2,0.01,29,0.22916149,"[2.834497173793848, 2.5389761004875746]"
2,0.01,30,0.22916131,"[0.3072778860237876, -2.539662673788374]"
2,0.01,31,0.22914335,"[2.8361940082606134, 2.5746543474176526]"
2,0.01,32,0.22919511,"[2.8372184579866744, 2.6177120243523957]"
2,0.01,33,0.22914571,"[2.8360014534636564, 2.5562393012389726]"
2,0.01,34,0.22914831,"[2.8370276550366804, 2.58381819616966]"
2,0.01,35,0.22916544,"[2.837040981818434, 2.6009460876497275]"
2,0.01,36,0.22914397,"[2.8362980403890528, 2.5766010539055992]"
2,0.01,37,0.22914575,"[2.835553409890925, 2.555648521784367]"
2,0.01,38,0.22914371,"[2.8357934022148834, 2.560317038546291]"
2,0.01,39,0.22914326,"[2.835840116612876, 2.56182463603072]"
2,0.01,40,0.22914351,"[2.8357824962959977, 2.5609624623810596]"
2,0.0209,1,0.40990869,"[2.8585358415226687, 1.3230193141873985]"
2,0.0209,2,0.40990837,"[2.8585834753603954, 1.3252852875430639]"
2,0.0209,3,0.40990835,"[2.8585690372880403, 1.3240449556949727]"
2,0.0209,4,0.4099083,"[2.858559012201815, 1.3247247993585975]"
2,0.0209,5,0.40990833,"[-0.28308296726573395, 1.3242776312015516]"
2,0.0209,6,0.40990873,"[2.858754379299451, 1.3262896676233111]"
2,0.0209,7,0.40990905,"[2.8584072731681953, 1.32236885802157]"
2,0.0209,8,0.40990832,"[2.8585388813934074, 1.3248616984601784]"
2,0.0209,9,0.40990836,"[2.8586477668867967, 1.32523951373587]"
2,0.0209,10,0.40990834,"[2.858656117159781, 1.3244777159252785]"
2,0.0209,11,0.40990841,"[2.8586421414982026, 1.3255094729732895]"
2,0.0209,12,0.40990832,"[2.8585873737706313, 1.3242399100847215]"
2,0.0209,13,0.40990846,"[2.8584944236417567, 1.3235953649334136]"
2,0.0209,14,0.40990837,"[2.858603985572492, 1.3253362980836123]"
2,0.0209,15,0.40990883,"[2.8586742992169456, 1.3265367244171373]"
2,0.0209,16,0.4099087,"[2.8587459894017173, 1.326229473215109]"
2,0.0209,17,0.40990855,"[2.858489611952007, 1.3233010379354357]"
2,0.0209,18,0.40990848,"[2.8584534613317, 1.323575679106731]"
2,0.0209,19,0.40990983,"[-0.28285523259787887, 1.3278686412213945]"
2,0.0209,20,0.40990843,"[2.8586885003771387, 1.3255134897018936]"
2,0.0209,21,0.40990868,"[2.8587399012991668, 1.326198733228155]"
2,0.0209,22,0.40990835,"[2.858660524342998, 1.325174763298767]"
2,0.0209,23,0.40990868,"[2.8584351629761717, 1.3230319668994959]"
2,0.0209,24,0.40990849,"[2.858578036078415, 1.323547812958367]"
2,0.0209,25,0.40990833,"[2.858628113242019, 1.325122346686697]"
2,0.0209,26,0.40990836,"[2.8585798480330697, 1.3252231534921877]"
2,0.0209,27,0.40990864,"[2.8586330985271986, 1.3261400189085468]"
2,0.0209,28,0.40990843,"[2.8586141664519924, 1.3255858363111226]"
2,0.0209,29,0.40990834,"[2.858560231912696, 1.3240929228553644]"
2,0.0209,30,0.40990832,"[0.28298948113003236, -1.324277865405225]"
2,0.0209,31,0.4099085,"[2.858544806590396, 1.3234610441642163]"
2,0.0209,32,0.40990831,"[2.8585348936249426, 1.3246221050730584]"
2,0.0209,33,0.40990834,"[2.8584878599542707, 1.3244316631962636]"
2,0.0209,34,0.40990843,"[2.858551282374979, 1.3254563044611152]"
2,0.0209,35,0.4099091,"[2.858678977791987, 1.3269640891379713]"
2,0.0209,36,0.40990863,"[2.8584367894020093, 1.3231564339411994]"
2,0.0209,37,0.40990831,"[2.8586273525044854, 1.3246461789793047]"
2,0.0209,38,0.40990846,"[2.8585951921066246, 1.3256512660107482]"
2,0.0209,39,0.40990831,"[2.8585819044464107, 1.324904010051152]"
2,0.0209,40,0.40990842,"[2.858549569121948, 1.3237195909061452]"
2,0.021,1,0.41147236,"[2.8584811384630457, 1.3170627574394722]"
2,0.021,2,0.41147211,"[2.8586620061835077, 1.317737792124615]"
2,0.021,3,0.41147212,"[2.858546028180647, 1.317646495987748]"
2,0.021,4,0.41147212,"[2.8587544211841664, 1.3196459484987337]"
2,0.021,5,0.41147199,"[2.8586450265429457, 1.318223063586851]"
2,0.021,6,0.41147198,"[2.8586974292544207, 1.3188807648879064]"
2,0.021,7,0.41147219,"[2.858644331913878, 1.3198027013119202]"
2,0.021,8,0.41147203,"[2.8586240247965184, 1.3180132787093184]"
2,0.021,9,0.41147201,"[2.8586659544625577, 1.318195139626912]"
2,0.021,10,0.41147218,"[2.858621073338985, 1.3174722925861775]"
2,0.021,11,0.41147303,"[2.858523969639997, 1.3159671914516369]"
2,0.021,12,0.41147203,"[2.858729916679179, 1.3192201257712894]"
2,0.021,13,0.41147199,"[2.858710046482325, 1.3189343241004685]"
2,0.021,14,0.41147217,"[2.8585227953765884, 1.3175207242909455]"
2,0.021,15,0.41147197,"[2.85868572311241, 1.318816545847635]"
2,0.021,16,0.41147199,"[2.858678399798947, 1.3183339001569823]"
2,0.021,17,0.4114721,"[2.858660418489294, 1.3177771986770799]"
2,0.021,18,0.41147199,"[2.8586704871377187, 1.3190785552382687]"
2,0.021,19,0.41147199,"[-0.28290186858243066, 1.3190697161410374]"
2,0.021,20,0.41147226,"[-2.8587163181420947, -1.3200659252191915]"
2,0.021,21,0.41147232,"[3.4245651835158197, -1.3171371816372022]"
2,0.021,22,0.41147234,"[2.858501762741249, 1.3170729986877696]"
2,0.021,23,0.41147222,"[2.858524974863, 1.317367958408093]"
2,0.021,24,0.41147244,"[2.858573577314114, 1.3168598197248946]"
2,0.021,25,0.41147206,"[2.8585745706760277, 1.3178775942483951]"
2,0.021,26,0.4114721,"[2.8586344103182237, 1.3195275976031335]"
2,0.021,27,0.41147324,"[2.8588093166620108, 1.3215806772155314]"
2,0.021,28,0.41147202,"[2.8586468321748457, 1.3192216934824639]"
2,0.021,29,0.41147225,"[2.858590659233948, 1.3172763651523938]"
2,0.021,30,0.41147234,"[0.28309472974869, -1.3170852146260825]"
2,0.021,31,0.4114721,"[2.8586465962556122, 1.3195359766439]"
2,0.021,32,0.41147197,"[2.8586431901102975, 1.3186542214667152]"
2,0.021,33,0.41147205,"[2.858522190580614, 1.3181260048026877]"
2,0.021,34,0.41147236,"[-0.28306007733568944, 1.3170223676772412]"
2,0.021,35,0.41147225,"[2.8586675620396735, 1.3199987006173561]"
2,0.021,36,0.41147204,"[2.858590551258506, 1.3179353906776246]"
2,0.021,37,0.41147227,"[2.8587432388634095, 1.32007987942333]"
2,0.021,38,0.41147206,"[2.858581853685181, 1.3178577485128742]"
2,0.021,39,0.41147223,"[2.858670906721077, 1.3199410699479712]"
2,0.021,40,0.41147226,"[2.858776020449174, 1.3200293761841664]"
2,0.03,1,0.5499302,"[2.862234848187159, 0.9352377805807774]"
2,0.03,2,0.54993032,"[2.862353275333801, 0.936110412283395]"
2,0.03,3,0.54993017,"[2.8622774687856007, 0.9354121080932597]"
2,0.03,4,0.54993022,"[2.8622543030562673, 0.9358661385223854]"
2,0.03,5,0.54993072,"[2.8624014273257035, 0.9366778911126555]"
2,0.03,6,0.54993021,"[2.862254830247206, 0.9358144745526136]"
2,0.03,7,0.68049834,"[1.8188046473519304, -0.9345063965701644]"
2,0.03,8,0.54993026,"[2.8622977169409443, 0.9360093893415156]"
2,0.03,9,0.54993019,"[2.862231318512287, 0.9352934277435928]"
2,0.03,10,0.54993021,"[2.8622005369090444, 0.9351997012696441]"
2,0.03,11,0.5499305,"[2.8622722583995763, 0.9363913686399857]"
2,0.03,12,0.54993027,"[2.862357110308823, 0.9359624243195196]"
2,0.03,13,0.54993027,"[2.862227914990487, 0.9349993773996872]"
2,0.03,14,0.54993017,"[2.86227658765098, 0.9355874620019421]"
2,0.03,15,0.54993023,"[2.862201573416225, 0.9351519928054819]"
2,0.03,16,0.54993019,"[2.8623005924352225, 0.9357432807404149]"
2,0.03,17,0.54993017,"[2.862267545908921, 0.9354107916641371]"
2,0.03,18,0.54993018,"[2.8622647830984866, 0.9353600313230459]"
2,0.03,19,0.54993018,"[0.27929762641232564, -0.9354205021823673]"
2,0.03,20,0.54993068,"[2.8624037964488784, 0.9366199021691151]"
2,0.03,21,0.54993016,"[2.8622774824126265, 0.9355128477063709]"
2,0.03,22,0.68049847,"[1.322832616037076, 0.9343207353731892]"
2,0.03,23,0.54993036,"[2.8621976341919573, 0.9348307948501053]"
2,0.03,24,0.54993018,"[2.862312011748984, 0.9356653599803446]"
2,0.03,25,0.54993039,"[2.8623930088433767, 0.9361913562812654]"
2,0.03,26,0.54993043,"[2.862347733745606, 0.9363314442714998]"
2,0.03,27,0.54993029,"[2.8622579429020925, 0.9360446710399224]"
2,0.03,28,0.54993025,"[2.8621484025307775, 0.9352633069771473]"
2,0.03,29,0.54993027,"[2.8622365974334696, 0.9359461461391496]"
2,0.03,30,0.54993024,"[0.2793167558678104, -0.9359345528146683]"
2,0.03,31,0.54993017,"[2.862239329399235, 0.9354341360863905]"
2,0.03,32,0.54993055,"[2.8622813339360813, 0.9364569954946059]"
2,0.03,33,0.54993026,"[2.862238036867506, 0.9359438633508049]"
2,0.03,34,0.68050037,"[1.3230848409079115, 0.9381285273306271]"
2,0.03,35,0.68049839,"[1.3226960729746076, 0.9344599088592932]"
2,0.03,36,0.54993027,"[2.8623110216147856, 0.9360207614243601]"
2,0.03,37,0.54993019,"[2.8622539559046296, 0.9352882467931198]"
2,0.03,38,0.54993022,"[2.8623047868156344, 0.9358892083161799]"
2,0.03,39,0.54993032,"[2.8622544916472688, 0.9360923624648676]"
2,0.03,40,0.54993026,"[2.8622405219932125, 0.9359470705784604]"
2,0.06,1,1.00030907,"[3.418298691507859, -0.47243973266618156]"
2,0.06,2,1.20101822,"[1.8236960895765715, -0.4724189792033188]"
2,0.06,3,1.2010182,"[1.3178823686476666, 0.4722105323576916]"
2,0.06,4,1.00030922,"[2.8648683576465497, 0.47228604480264885]"
2,0.06,5,1.00030913,"[0.2767122574038697, -0.4723527789866046]"
2,0.06,6,1.00030907,"[2.864875011569018, 0.4724998806394829]"
2,0.06,7,1.47783724,"[2.401264665243893, 3.4501894925197663]"
2,0.06,8,1.2010182,"[1.317916997142299, 0.47232910039393333]"
2,0.06,9,1.00030907,"[2.86494489651127, 0.4725750779190855]"
2,0.06,10,1.00030907,"[2.8648789862161075, 0.4725002438384389]"
2,0.06,11,1.00030906,"[2.8649012182671525, 0.47254726053500823]"
2,0.06,12,1.00030906,"[2.8649048897519673, 0.4724653649293201]"
2,0.06,13,1.00030909,"[2.8649107086899646, 0.472414499412365]"
2,0.06,14,1.47783724,"[2.401269024243197, 3.4502043029494267]"
2,0.06,15,1.00030905,"[0.27668210257181863, -0.47249835482670954]"
2,0.06,16,1.00030907,"[2.8648784595309875, 0.47251246690022336]"
2,0.06,17,1.00030907,"[2.8649361366071324, 0.4725850581474572]"
2,0.06,18,1.00030908,"[0.27670651424224696, -0.47243219057420965]"
2,0.06,19,1.00030924,"[0.2766658588653409, -0.47275169118788213]"
2,0.06,20,1.00030906,"[0.2766695998454561, -0.47257520226879646]"
2,0.06,21,1.20101821,"[1.3178876761759335, 0.4723946407606067]"
2,0.06,22,1.20101839,"[1.3179002710196075, 0.47257432640939584]"
2,0.06,23,1.20101821,"[1.3179060740456474, 0.4722286088835848]"
2,0.06,24,1.00030905,"[2.864903608027058, 0.4725080836251228]"
2,0.06,25,1.00030911,"[-0.2766319687948146, 0.4726364582095317]"
2,0.06,26,1.00030906,"[2.864897873977748, 0.4724741656287517]"
2,0.06,27,1.20101823,"[1.3178899878734336, 0.47242988327642316]"
2,0.06,28,1.00030906,"[2.864890316742467, 0.4725093223541235]"
2,0.06,29,1.20101821,"[1.3179255797853755, 0.4723299140346288]"
2,0.06,30,1.00030909,"[-0.2766622899876815, 0.4726195527309475]"
2,0.06,31,1.00030905,"[2.864904642803578, 0.47248179337020213]"
2,0.06,32,1.47783724,"[2.401233043696816, 3.450178733461879]"
2,0.06,33,1.00030923,"[2.86494621166281, 0.47275406658510455]"
2,0.06,34,1.47783724,"[2.4012540465922325, 3.4501777248265477]"
2,0.06,35,1.20101822,"[1.3178903525547518, 0.4721826977629371]"
2,0.06,36,1.20101842,"[1.3179598798996062, 0.47259701688135863]"
2,0.06,37,1.00030909,"[2.86486632927917, 0.4724284783994826]"
2,0.06,38,1.20101825,"[1.8236938126791378, -0.472452499802991]"
2,0.06,39,1.20101819,"[1.3178650636391376, 0.472320939644792]"
2,0.06,40,1.0003092,"[2.8649308650402125, 0.47272634678280395]"
2,0.1,1,1.595288,"[2.8654757407108953, 0.2841805286398875]"
2,0.1,2,2.25974211,"[2.3908496223106517, 2.1168392404193574]"
2,0.1,3,1.90805853,"[1.3168236782151017, 0.2839426031451936]"
2,0.1,4,1.59528799,"[3.4176640632711734, -0.28414207899291394]"
2,0.1,5,1.59528799,"[0.276099418204735, -0.28418031136713834]"
2,0.1,6,1.59528798,"[2.8654558881356653, 0.28414718692013924]"
2,0.1,7,2.27829938,"[3.89518752826535, 2.322367777818771]"
2,0.1,8,2.2597421,"[2.3908857207027827, 2.116811626460411]"
2,0.1,9,2.25974211,"[2.390816021997011, 2.116841937116484]"
2,0.1,10,1.59528811,"[2.865468781786266, 0.2842255826298259]"
2,0.1,11,1.59528798,"[2.8654707075432744, 0.2841619091517733]"
2,0.1,12,1.59528799,"[2.865522370483571, 0.28414564915003926]"
2,0.1,13,1.595288,"[2.8654658261555324, 0.28408283725071537]"
2,0.1,14,2.2597421,"[2.3908711694193863, 2.116820520337901]"
2,0.1,15,1.59528803,"[2.8655309148494834, 0.2841222324204822]"
2,0.1,16,1.59528797,"[2.8654653124351053, 0.28414232097373354]"
2,0.1,17,2.2597421,"[2.3908416606485217, 2.1168049031325675]"
2,0.1,18,1.9080588,"[1.3168858680605389, 0.2841059995528581]"
2,0.1,19,2.2597421,"[2.3908241244682817, 2.1168311406251097]"
2,0.1,20,1.90805858,"[1.316832771687513, 0.2838913107164693]"
2,0.1,21,1.90805854,"[1.3168057656982468, 0.28393090842037116]"
2,0.1,22,1.59528825,"[-0.27620393525855774, 0.28401800772253]"
2,0.1,23,1.90805855,"[1.3168594061305465, 0.2839859175872287]"
2,0.1,24,1.59528802,"[2.8655301576241152, 0.28413357428023805]"
2,0.1,25,1.90805854,"[1.316803793480768, 0.2839402675217734]"
2,0.1,26,1.59528796,"[2.865482600176587, 0.28413603746758487]"
2,0.1,27,2.2597421,"[2.3908704855685867, 2.1167807535804806]"
2,0.1,28,2.25974212,"[2.390805701433104, 2.116765664064405]"
2,0.1,29,1.90805855,"[1.3167961884397157, 0.28392347576466814]"
2,0.1,30,2.2597421,"[-0.7507227714335626, 2.1167970085016172]"
2,0.1,31,1.59528809,"[2.8654519577122, 0.2842079201752659]"
2,0.1,32,2.2597421,"[2.3908625502492598, 2.1167865469543607]"
2,0.1,33,2.2597421,"[2.3908397545763416, 2.1168288495124323]"
2,0.1,34,2.2597421,"[2.3908739782166566, 2.1167952046967833]"
2,0.1,35,1.90805856,"[1.316818944435705, 0.28399941446648386]"
2,0.1,36,2.25974211,"[2.390903017800895, 2.116789760038248]"
2,0.1,37,1.59528801,"[2.86544718008833, 0.2840817181779408]"
2,0.1,38,1.59528809,"[3.417712289627184, -0.28422282153125605]"
2,0.1,39,1.90805859,"[-1.8248091481942885, 0.28397022675048395]"
2,0.1,40,1.59528798,"[2.865454166897693, 0.2841212292924419]"
2,0.3,1,4.56078137,"[2.8655149233983743, 0.09471687618504258]"
2,0.3,2,5.61461679,"[1.8192077792015546, 1.3858859935897445]"
2,0.3,3,4.56077803,"[3.4172680678353116, -0.09489251192821503]"
2,0.3,4,4.56077655,"[2.865908061675403, 0.09483952760823501]"
2,0.3,5,4.56077643,"[0.2757186356813343, -0.0948629535202758]"
2,0.3,6,6.31252416,"[3.8982399190283523, 0.7715056514455066]"
2,0.3,7,4.80491568,"[3.408892895839934, 1.3851267205047912]"
2,0.3,8,5.72639354,"[1.3262458994110766, 1.5828859811434255]"
2,0.3,9,4.80491546,"[0.2672955412797521, 1.3851860615639202]"
2,0.3,10,5.43885162,"[3.3902186163612558, 2.860821433725805]"
2,0.3,11,4.56078253,"[2.866042357870569, 0.09492868392408024]"
2,0.3,12,6.30654157,"[2.3849174755544107, 0.7118656307623574]"
2,0.3,13,4.56078345,"[2.8660998006740663, 0.09481411051508741]"
2,0.3,14,4.80229275,"[2.8734670922392413, 1.5816634339624132]"
2,0.3,15,5.61461327,"[1.8189546121962477, 1.3858543263393877]"
2,0.3,16,4.56077548,"[2.865803852946651, 0.09480622312422321]"
2,0.3,17,5.61461338,"[1.8189907035775055, 1.3859145055660431]"
2,0.3,18,4.80229596,"[2.8733722438494835, 1.5816424404709544]"
2,0.3,19,6.10429126,"[1.8023077525641589, 2.861665230695771]"
2,0.3,20,4.56077642,"[0.2759401197149909, -0.09477716859438438]"
2,0.3,21,4.80493842,"[3.4095101003233035, 1.3852562075254558]"
2,0.3,22,5.43885322,"[0.24858836212566865, 2.860859969120136]"
2,0.3,23,4.80491579,"[3.408956411146351, 1.3852079487868247]"
2,0.3,24,4.80229834,"[2.873320001154558, 1.5816280283773272]"
2,0.3,25,5.61461516,"[1.322773491977095, -1.3858982754867877]"
2,0.3,26,6.30654207,"[2.3852103762654986, 0.7118436334372654]"
2,0.3,27,5.46636937,"[1.3164716767406206, 0.09479610485754462]"
2,0.3,28,5.72639388,"[1.3262748854894666, 1.5828772140733602]"
2,0.3,29,5.46636777,"[1.3162596809468807, 0.094768724617934]"
2,0.3,30,5.43885147,"[0.24870946410531722, 2.860829516470901]"
2,0.3,31,4.56077641,"[2.865680301509265, 0.09484318204841774]"
2,0.3,32,4.8049273,"[3.4085080311747125, 1.3850962362966048]"
2,0.3,33,5.44099372,"[2.8924207115680347, 3.0730045051606556]"
2,0.3,34,5.43885259,"[0.2488184377244206, 2.8608217678276238]"
2,0.3,35,5.4388602,"[3.389923896027043, 2.860785397993336]"
2,0.3,36,5.43885205,"[3.3902581681709236, 2.8607645397280157]"
2,0.3,37,4.56077579,"[2.865854522548142, 0.09482184708213759]"
2,0.3,38,4.56077612,"[2.865849288610928, 0.09485907396890046]"
2,0.3,39,6.10429052,"[1.80201964601911, 2.861564225686053]"
2,0.3,40,4.56077634,"[2.86588287070848, 0.09485454300690466]"
2,1.0,1,15.2315758,"[2.871268149194937, 0.9191873203539774]"
2,1.0,2,15.24471067,"[2.876397521498441, -0.8611548486346188]"
2,1.0,3,15.23581149,"[3.418070987878905, 0.8615643075346453]"
2,1.0,4,18.4447625,"[4.961838188728836, 1.306163891721399]"
2,1.0,5,15.23971086,"[2.8623021702515303, 0.9188896795560854]"
2,1.0,6,15.26246905,"[2.856752908307641, 0.9185354487980008]"
2,1.0,7,21.46218525,"[2.3696859256063507, 1.9935233942788573]"
2,1.0,8,19.88735813,"[1.8080996807181537, 2.639535431654199]"
2,1.0,9,15.24274239,"[2.861321352585723, 0.9188610517606213]"
2,1.0,10,20.65842368,"[0.7694325612791854, 0.2312351387112803]"
2,1.0,11,15.01302531,"[0.2705522841805974, 0.416457723957963]"
2,1.0,12,15.59385106,"[2.8755575091785186, 1.3648396779778589]"
2,1.0,13,14.93449249,"[2.8687624084254577, 0.028584818842412]"
2,1.0,14,18.83809516,"[1.8157065289661976, 1.7507896872846258]"
2,1.0,15,15.01389076,"[2.8611552131993245, 0.47341054304476876]"
2,1.0,16,14.93496094,"[2.869108539074832, 0.028591202583838887]"
2,1.0,17,18.84156574,"[1.8106234780883388, 1.750568139214519]"
2,1.0,18,16.08142941,"[2.8808679104838157, 1.810629741924339]"
2,1.0,19,18.95608702,"[2.9042706077253766, 3.5939997279871947]"
2,1.0,20,18.12570221,"[0.249734188440552, 3.0839942007407037]"
2,1.0,21,18.54729072,"[1.3256492819815822, 1.3649376201337216]"
2,1.0,22,16.08406699,"[0.2603454201772469, 1.7505788729170344]"
2,1.0,23,15.59315883,"[2.875011238324961, 1.3648030244255103]"
2,1.0,24,15.59394832,"[2.8755920465194045, 1.3648943785536516]"
2,1.0,25,18.15678106,"[-1.3206836664309238, 0.861423551665022]"
2,1.0,26,21.3791922,"[2.4657335812738643, 1.5477603132619497]"
2,1.0,27,15.23717082,"[2.874427921610742, 0.9192962559312088]"
2,1.0,28,16.67442149,"[2.880627534988364, 2.256275288925125]"
2,1.0,29,18.54917347,"[1.3197961020398399, 1.3646584683293896]"
2,1.0,30,21.1947113,"[2.355651652398939, -1.5661402672389007]"
2,1.0,31,15.23191883,"[2.871521448044713, 0.9191598621825333]"
2,1.0,32,20.90903989,"[0.7637121561293235, 1.121814753127631]"
2,1.0,33,16.07975633,"[2.8797168136093108, 1.8104829553806874]"
2,1.0,34,21.47654262,"[0.7358418475723484, 2.013373948413964]"
2,1.0,35,19.32305663,"[1.807665311932402, 2.1950715522702864]"
2,1.0,36,17.36369455,"[3.3913642118530354, 2.6394843212536707]"
2,1.0,37,16.67653398,"[0.25628546543289754, 2.195117020821372]"
2,1.0,38,18.44604013,"[4.958065762879048, 1.3060481535467388]"
2,1.0,39,16.67686376,"[2.8861862038539865, 2.256419992925051]"
2,1.0,40,15.61317408,"[3.4197320942811924, 1.3064326383285836]"
