instance_seed,alpha,arm,tuning_seed,achieved_H,ideal_mass
2,0.021,cobyla-5,101,0.4007028610843495,0.04955802877649674
2,0.021,cobyla-5,102,0.4004317110190304,0.04866533103994468
2,0.021,cobyla-5,103,0.4156586504599323,0.04377139046140241
2,0.021,cobyla-5,104,0.29295930434118816,0.0800768973411751
2,0.021,cobyla-5,105,0.3222506984005737,0.06475606964038778
2,0.021,cobyla-5,106,0.3458320578122529,0.06466628218314298
2,0.021,cobyla-5,107,0.315213595530618,0.07168856296107234
2,0.021,cobyla-5,108,0.29713792732770167,0.08600001335588218
2,0.021,cobyla-5,109,0.31210762439714407,0.0710674221260099
2,0.021,cobyla-5,110,0.39008164186651784,0.05202867168425134
2,0.021,cobyla-25,101,0.2922961296089532,0.08164370093051619
2,0.021,cobyla-25,102,0.29245905930852467,0.08280833163508684
2,0.021,cobyla-25,103,0.31242345089853435,0.06956629640602292
2,0.021,cobyla-25,104,0.29295930434118816,0.0800768973411751
2,0.021,cobyla-25,105,0.3222506984005737,0.06475606964038778
2,0.021,cobyla-25,106,0.3127464388497765,0.06950598947762059
2,0.021,cobyla-25,107,0.292650091949141,0.08320165255979405
2,0.021,cobyla-25,108,0.29713792732770167,0.08600001335588218
2,0.021,cobyla-25,109,0.29258019649917033,0.08309709030071027
2,0.021,cobyla-25,110,0.29229420104451864,0.0816497671266585
2,0.021,cobyla-50,101,0.2922961296089532,0.08164370093051619
2,0.021,cobyla-50,102,0.29245905930852467,0.08280833163508684
2,0.021,cobyla-50,103,0.31242345089853435,0.06956629640602292
2,0.021,cobyla-50,104,0.2922831812415724,0.08204419766774211
2,0.021,cobyla-50,105,0.29265206706723773,0.08320017974913688
2,0.021,cobyla-50,106,0.29263792343103,0.08057837464120107
2,0.021,cobyla-50,107,0.292650091949141,0.08320165255979405
2,0.021,cobyla-50,108,0.2922905487266357,0.08213657988642079
2,0.021,cobyla-50,109,0.29258019649917033,0.08309709030071027
2,0.021,cobyla-50,110,0.29229420104451864,0.0816497671266585
2,0.021,spsa,101,0.5820492147623734,0.02964720457597962
2,0.021,spsa,102,0.6201981605817728,0.02431147214356799
2,0.021,spsa,103,0.404741819261611,0.04962165780556434
2,0.021,spsa,104,0.5397073235107488,0.026358975940130078
2,0.021,spsa,105,0.4115167800660411,0.04469541914411904
2,0.021,spsa,106,0.36015810822124866,0.05401123110909268
2,0.021,spsa,107,0.6449542553863232,0.013218155761465457
2,0.021,spsa,108,0.5254900037987076,0.028820850723522806
2,0.021,spsa,109,0.5732196577012879,0.032134675230662546
2,0.021,spsa,110,0.5631356254884017,0.02965345436696742
2,0.021,lbfgs-sv,101,0.3119072273722477,0.07047715378254352
2,0.021,lbfgs-sv,102,0.2922797781682046,0.08191586769081222
2,0.021,lbfgs-sv,103,0.31190722733830784,0.07047697558687963
2,0.021,lbfgs-sv,104,0.2922797781551274,0.08191565296564687
2,0.021,lbfgs-sv,105,0.31190722732905507,0.07047689157302918
2,0.021,lbfgs-sv,106,0.31190722732963494,0.07047692700761869
2,0.021,lbfgs-sv,107,0.31190722732924,0.07047689564191371
2,0.021,lbfgs-sv,108,0.32296346862808567,0.06500165230237408
2,0.021,lbfgs-sv,109,0.29227977821471496,0.0819159782283038
2,0.021,lbfgs-sv,110,0.31913201828144233,0.19887691818871567
2,0.021,transfer,101,0.31249968000219785,0.06965363833232008
2,0.021,transfer,102,0.31227951058073417,0.06969768139425776
2,0.021,transfer,103,0.3123588198978318,0.06962352666843796
2,0.021,transfer,104,0.31223139949240913,0.06973873245359848
2,0.021,transfer,105,0.31233942496714234,0.06956549341151769
2,0.021,transfer,106,0.31784129303210074,0.0662401284344003
2,0.021,transfer,107,0.3125615535271645,0.06936184575989962
2,0.021,transfer,108,0.31248990288598527,0.06945311357336173
2,0.021,transfer,109,0.31241655628266896,0.06959282979411788
2,0.021,transfer,110,0.31250127986011,0.06955103986494152
2,0.03,cobyla-5,101,0.49396086506786885,0.05496628121234721
2,0.03,cobyla-5,102,0.49756393392002674,0.0569495497043032
2,0.03,cobyla-5,103,0.5343903945003591,0.04458066141839016
2,0.03,cobyla-5,104,0.37857350708203186,0.07961078060012787
2,0.03,cobyla-5,105,0.3785714801199529,0.07994653999924323
2,0.03,cobyla-5,106,0.4599296930372484,0.0642569309297576
2,0.03,cobyla-5,107,0.4866476046703093,0.054960539878889575
2,0.03,cobyla-5,108,0.37857861123533865,0.07956185152127193
2,0.03,cobyla-5,109,0.41855900032772186,0.07267708056275358
2,0.03,cobyla-5,110,0.4905321841904895,0.05529478185583196
2,0.03,cobyla-25,101,0.37878690855798036,0.08057185608114044
2,0.03,cobyla-25,102,0.3785622259357653,0.07977497151074404
2,0.03,cobyla-25,103,0.4055915715260664,0.07239258901864848
2,0.03,cobyla-25,104,0.37857350708203186,0.07961078060012787
2,0.03,cobyla-25,105,0.3785714801199529,0.07994653999924323
2,0.03,cobyla-25,106,0.4055800191826773,0.07127292437157415
2,0.03,cobyla-25,107,0.3785640583612002,0.07984882367259344
2,0.03,cobyla-25,108,0.37857861123533865,0.07956185152127193
2,0.03,cobyla-25,109,0.378655389568039,0.08027829786498922
2,0.03,cobyla-25,110,0.378605893765806,0.07942090188402502
2,0.03,cobyla-50,101,0.37878690855798036,0.08057185608114044
2,0.03,cobyla-50,102,0.3785622259357653,0.07977497151074404
2,0.03,cobyla-50,103,0.4055489233076449,0.07143664216191424
2,0.03,cobyla-50,104,0.37857350708203186,0.07961078060012787
2,0.03,cobyla-50,105,0.3785714801199529,0.07994653999924323
2,0.03,cobyla-50,106,0.3785628749740163,0.07972760904278248
2,0.03,cobyla-50,107,0.3785640583612002,0.07984882367259344
2,0.03,cobyla-50,108,0.37857861123533865,0.07956185152127193
2,0.03,cobyla-50,109,0.3785791129290016,0.0799988297475661
2,0.03,cobyla-50,110,0.37856689946524535,0.07989429080687717
2,0.03,spsa,101,0.9049399503997095,0.025294407891460636
2,0.03,spsa,102,0.8901745140511149,0.0010032593202873757
2,0.03,spsa,103,0.9744619496951299,0.018640784669834466
2,0.03,spsa,104,0.6661176502829529,0.030670179472019485
2,0.03,spsa,105,0.5320721061082045,0.04568957071209525
2,0.03,spsa,106,0.4243467768532351,0.06526221846313195
2,0.03,spsa,107,0.5014581440634472,0.05601072480525529
2,0.03,spsa,108,0.6632786600827256,0.031142639992283686
2,0.03,spsa,109,0.8175671675477567,0.028851973962648426
2,0.03,spsa,110,0.7564433110474384,0.03333849211853824
2,0.03,lbfgs-sv,101,0.5938038586718819,0.051575412329320135
2,0.03,lbfgs-sv,102,0.4052835733164144,0.07190714994436921
2,0.03,lbfgs-sv,103,0.40528357331526044,0.07190714306262835
2,0.03,lbfgs-sv,104,0.37856212384279864,0.07977685677549923
2,0.03,lbfgs-sv,105,0.4865500035595073,0.054772977431785136
2,0.03,lbfgs-sv,106,0.37856212388715305,0.07977654880655785
2,0.03,lbfgs-sv,107,0.4383750884917641,0.06647703797241039
2,0.03,lbfgs-sv,108,0.3785621238428881,0.07977686128232014
2,0.03,lbfgs-sv,109,0.4052835736652215,0.07190651847758212
2,0.03,lbfgs-sv,110,0.5251602477476218,0.04406800501733381
2,0.03,transfer,101,0.40528662402287585,0.07186153415670732
2,0.03,transfer,102,0.40528794989732075,0.07185051906618109
2,0.03,transfer,103,0.40528754552584445,0.07185720964596813
2,0.03,transfer,104,0.4052869193778046,0.07185858965450216
2,0.03,transfer,105,0.405286252324911,0.07185792254098111
2,0.03,transfer,106,0.40797480249635587,0.07000360714862802
2,0.03,transfer,107,0.4052894609089588,0.07184065995417921
2,0.03,transfer,108,0.40529071430890573,0.07183164552662014
2,0.03,transfer,109,0.40528828919767834,0.07184136825809112
2,0.03,transfer,110,0.40529288916218564,0.0718399811580036
3,0.021,cobyla-5,101,0.5933963199544707,0.051689129152800134
3,0.021,cobyla-5,102,0.588328630008172,0.051604535066697106
3,0.021,cobyla-5,103,0.6062554580631445,0.04606250206176737
3,0.021,cobyla-5,104,0.43694442326032734,0.10452231883312221
3,0.021,cobyla-5,105,0.43776595546845987,0.10637202106587616
3,0.021,cobyla-5,106,0.5231706171366595,0.07176744333457458
3,0.021,cobyla-5,107,0.48607207776178085,0.07990024293230893
3,0.021,cobyla-5,108,0.4368679244392134,0.10484987473134513
3,0.021,cobyla-5,109,0.4822652224168563,0.08047417071177483
3,0.021,cobyla-5,110,0.580763400973106,0.05479040615193565
3,0.021,cobyla-25,101,0.43683360520323444,0.1058655956441028
3,0.021,cobyla-25,102,0.4368477184316957,0.10595187593008903
3,0.021,cobyla-25,103,0.4369762270859786,0.10642295029433299
3,0.021,cobyla-25,104,0.43694442326032734,0.10452231883312221
3,0.021,cobyla-25,105,0.43776595546845987,0.10637202106587616
3,0.021,cobyla-25,106,0.43684623108703047,0.10495018149533043
3,0.021,cobyla-25,107,0.4370743973741511,0.1042326239987803
3,0.021,cobyla-25,108,0.4368100384906274,0.10539052302220392
3,0.021,cobyla-25,109,0.43690440479167547,0.10612820130772116
3,0.021,cobyla-25,110,0.43680969773786527,0.10558929884666825
3,0.021,cobyla-50,101,0.43683360520323444,0.1058655956441028
3,0.021,cobyla-50,102,0.4368477184316957,0.10595187593008903
3,0.021,cobyla-50,103,0.43688211674671285,0.10609826258771071
3,0.021,cobyla-50,104,0.4369211029211658,0.10624865753220457
3,0.021,cobyla-50,105,0.4368262953895786,0.10515264801751306
3,0.021,cobyla-50,106,0.4368170471784205,0.10522925063227755
3,0.021,cobyla-50,107,0.4370743973741511,0.1042326239987803
3,0.021,cobyla-50,108,0.4368100384906274,0.10539052302220392
3,0.021,cobyla-50,109,0.43681387251927106,0.10525879078222997
3,0.021,cobyla-50,110,0.43680969773786527,0.10558929884666825
3,0.021,spsa,101,0.8090942237892879,0.02751384106780648
3,0.021,spsa,102,0.8351872591134458,0.02280690705113908
3,0.021,spsa,103,0.5943445313874478,0.05347922069808655
3,0.021,spsa,104,0.7615897866898869,0.026335660333239464
3,0.021,spsa,105,0.5988700273486522,0.048006496567547095
3,0.021,spsa,106,0.5263581665485303,0.06264915489453038
3,0.021,spsa,107,0.5836963924191526,0.057919592874379144
3,0.021,spsa,108,0.7506987035385408,0.02653466907873597
3,0.021,spsa,109,0.8059734309631099,0.030168054551672284
3,0.021,spsa,110,0.7882606387925034,0.027139951196149637
3,0.021,lbfgs-sv,101,0.4856148921856921,0.07501982081890862
3,0.021,lbfgs-sv,102,0.4368073089628254,0.1054681091707244
3,0.021,lbfgs-sv,103,0.4368073089642255,0.10546810439504524
3,0.021,lbfgs-sv,104,0.4368073089612976,0.1054681644230733
3,0.021,lbfgs-sv,105,0.43680730896181197,0.10546813705426177
3,0.021,lbfgs-sv,106,0.4368073089619291,0.10546813422194916
3,0.021,lbfgs-sv,107,0.47810246365984344,0.08095245956968534
3,0.021,lbfgs-sv,108,0.4856148921797847,0.07501989079281003
3,0.021,lbfgs-sv,109,0.4368073089679533,0.10546827634994986
3,0.021,lbfgs-sv,110,0.47810246365642617,0.08095249929987862
3,0.021,transfer,101,0.4369877446025162,0.10636139810544096
3,0.021,transfer,102,0.4377131712067406,0.10625102871767408
3,0.021,transfer,103,0.4368677797551995,0.1060008166370778
3,0.021,transfer,104,0.4368897877913275,0.10616555901187466
3,0.021,transfer,105,0.43683900063497916,0.1059216902841563
3,0.021,transfer,106,0.4505327724019389,0.10286095128186105
3,0.021,transfer,107,0.43687726997976695,0.10611518668770722
3,0.021,transfer,108,0.43695955696391753,0.10639225566674644
3,0.021,transfer,109,0.4369925751620075,0.10645015298225426
3,0.021,transfer,110,0.43691267326770344,0.10620495969082655
3,0.03,cobyla-5,101,0.7175412482684804,0.05303273543011713
3,0.03,cobyla-5,102,0.6979602749458026,0.056199707197860285
3,0.03,cobyla-5,103,0.7468879386297939,0.043247347850094195
3,0.03,cobyla-5,104,0.5442973345589334,0.09594372604537986
3,0.03,cobyla-5,105,0.58874264294473,0.07727267576940756
3,0.03,cobyla-5,106,0.6492338840032394,0.06927107239460152
3,0.03,cobyla-5,107,0.7424683276486811,0.04913624097705409
3,0.03,cobyla-5,108,0.5443017666287515,0.09577499313239667
3,0.03,cobyla-5,109,0.7416129720769351,0.042640462863120406
3,0.03,cobyla-5,110,0.6395884062702327,0.06585904844309921
3,0.03,cobyla-25,101,0.5445221525190518,0.09677393260650884
3,0.03,cobyla-25,102,0.5442970415383953,0.09591363150184647
3,0.03,cobyla-25,103,0.5882657407765775,0.07777826534242958
3,0.03,cobyla-25,104,0.5442973345589334,0.09594372604537986
3,0.03,cobyla-25,105,0.58874264294473,0.07727267576940756
3,0.03,cobyla-25,106,0.5443911037710975,0.09649823076965126
3,0.03,cobyla-25,107,0.5879523471529888,0.07801566498522003
3,0.03,cobyla-25,108,0.5442978670497388,0.09584724026496937
3,0.03,cobyla-25,109,0.5443157703824705,0.09615835597410569
3,0.03,cobyla-25,110,0.5443514754431927,0.09545308241837124
3,0.03,cobyla-50,101,0.5445221525190518,0.09677393260650884
3,0.03,cobyla-50,102,0.5442970415383953,0.09591363150184647
3,0.03,cobyla-50,103,0.587959477460306,0.07795448837286582
3,0.03,cobyla-50,104,0.5442973345589334,0.09594372604537986
3,0.03,cobyla-50,105,0.587963814974506,0.07793947095145441
3,0.03,cobyla-50,106,0.5442982361083767,0.09597331795455648
3,0.03,cobyla-50,107,0.5879523471529888,0.07801566498522003
3,0.03,cobyla-50,108,0.5442978670497388,0.09584724026496937
3,0.03,cobyla-50,109,0.5443031024119184,0.09605641892920115
3,0.03,cobyla-50,110,0.5443514754431927,0.09545308241837124
3,0.03,spsa,101,1.1708344096998684,0.023219488440292105
3,0.03,spsa,102,1.1426042254174487,0.0004071115633093465
3,0.03,spsa,103,1.238270341042509,0.012057413828751388
3,0.03,spsa,104,0.8959780622014719,0.028392102072068194
3,0.03,spsa,105,0.7247223384752606,0.048396204899930954
3,0.03,spsa,106,0.5998612067834405,0.07483762413270825
3,0.03,spsa,107,0.6988819777433306,0.05893581802057424
3,0.03,spsa,108,0.8901757403751893,0.02931138993175998
3,0.03,spsa,109,1.1314014958228191,0.02761125346790065
3,0.03,spsa,110,0.9922460554604791,0.03186402525234398
3,0.03,lbfgs-sv,101,0.8191625103000679,0.0531378094853025
3,0.03,lbfgs-sv,102,0.5879514847292829,0.0779980511731113
3,0.03,lbfgs-sv,103,0.5879514847285878,0.07799803115196792
3,0.03,lbfgs-sv,104,0.5442969358525099,0.09590617013756657
3,0.03,lbfgs-sv,105,0.6806354413992673,0.05581607129329565
3,0.03,lbfgs-sv,106,0.5442969358503217,0.09590620029161613
3,0.03,lbfgs-sv,107,0.6300556180685173,0.06934539649180639
3,0.03,lbfgs-sv,108,0.5442969358509875,0.09590623581474088
3,0.03,lbfgs-sv,109,0.5879514847289488,0.07799800493190318
3,0.03,lbfgs-sv,110,0.7398964178257887,0.0427054438842744
3,0.03,transfer,101,0.5879520316778301,0.07801388369535801
3,0.03,transfer,102,0.5879518040080807,0.07799490640473805
3,0.03,transfer,103,0.5879516588344201,0.07800881306503074
3,0.03,transfer,104,0.5879529851375724,0.07802644112411805
3,0.03,transfer,105,0.5879516202059811,0.07800080373951228
3,0.03,transfer,106,0.5879521358504669,0.07801845733762171
3,0.03,transfer,107,0.587953069482073,0.07802487645582545
3,0.03,transfer,108,0.5879518629859966,0.07800980735730018
3,0.03,transfer,109,0.5879519507497369,0.07798188668772345
3,0.03,transfer,110,0.5879521082485029,0.07799398133953904
