instance_seed,alpha,arm,n_starts,maxiter,eval_cap,family,tuning_seed,ideal_mass,achieved_H,evals,censored,seconds
1,0.021,s5_m200,5,200,1000,A,101,0.0480681341635391,0.3674817765613986,1000,True,6.756338954997773
1,0.021,s5_m200,5,200,1000,A,102,0.07061103652632382,0.2545035051982816,1000,True,6.398196634996566
1,0.021,s5_m200,5,200,1000,A,103,0.042849026475358626,0.3786970894417222,1000,True,6.414434819002054
1,0.021,s5_m200,5,200,1000,A,104,0.07506142633376722,0.24955501485249587,1000,True,6.436173086003691
1,0.021,s5_m200,5,200,1000,A,105,0.06340534022968801,0.27013301244377375,1000,True,6.84891258800053
1,0.021,s5_m200,5,200,1000,A,106,0.060065236413123606,0.3107459534430919,1000,True,6.640366677995189
1,0.021,s5_m200,5,200,1000,A,107,0.08031333624401528,0.2594099516720382,1000,True,6.531729194997752
1,0.021,s5_m200,5,200,1000,A,108,0.06535940607090185,0.26730599612591044,1000,True,6.557936220000556
1,0.021,s5_m200,5,200,1000,A,109,0.05015657672216965,0.33833718076279096,1000,True,6.507269675996213
1,0.021,s5_m200,5,200,1000,A,110,0.05125182102919851,0.3509218535531461,1000,True,8.706796156002383
1,0.021,s5_m1000,5,1000,5000,A,101,0.05207802201684256,0.34949653652540924,5000,True,42.23106726500555
1,0.021,s5_m1000,5,1000,5000,A,102,0.07550529351175377,0.24948831007675365,3914,False,32.11586984099995
1,0.021,s5_m1000,5,1000,5000,A,103,0.06008720134308766,0.2794895187617902,3612,False,29.496099303003575
1,0.021,s5_m1000,5,1000,5000,A,104,0.07553051300442286,0.24948753801393753,3822,False,29.893364310002653
1,0.021,s5_m1000,5,1000,5000,A,105,0.06563804339180256,0.267191830997336,4209,False,33.1592957440007
1,0.021,s5_m1000,5,1000,5000,A,106,0.07545866047902447,0.249490581330433,4644,False,39.76071678599692
1,0.021,s5_m1000,5,1000,5000,A,107,0.0757059093574753,0.24949121718548395,4397,False,38.45783000499796
1,0.021,s5_m1000,5,1000,5000,A,108,0.06565281101194617,0.267190294642464,4219,False,36.355051876998914
1,0.021,s5_m1000,5,1000,5000,A,109,0.06564159310551629,0.2671912962796372,4394,False,39.55073632099811
1,0.021,s5_m1000,5,1000,5000,A,110,0.05194782506357104,0.3495759249835446,4516,False,39.21200865799619
1,0.021,s5_m5000,5,5000,25000,A,101,0.05994158401622852,0.27940725632826724,13596,False,122.87546148000547
1,0.021,s5_m5000,5,5000,25000,A,102,0.07550529351175377,0.24948831007675365,4710,False,37.17030819400679
1,0.021,s5_m5000,5,5000,25000,A,103,0.0599397922728173,0.2794070291285587,6261,False,48.9674227170035
1,0.021,s5_m5000,5,5000,25000,A,104,0.07553051300442286,0.24948753801393753,5541,False,43.127528564000386
1,0.021,s5_m5000,5,5000,25000,A,105,0.06563804339180256,0.267191830997336,8641,False,67.53290201100026
1,0.021,s5_m5000,5,5000,25000,A,106,0.07545866047902447,0.249490581330433,11845,False,92.57543998099572
1,0.021,s5_m5000,5,5000,25000,A,107,0.0757059093574753,0.24949121718548395,8290,False,62.55484702200192
1,0.021,s5_m5000,5,5000,25000,A,108,0.06574497917382463,0.26718984880482344,9302,False,68.48688493500231
1,0.021,s5_m5000,5,5000,25000,A,109,0.0656437928167132,0.26719120896203874,12383,False,92.76034412100125
1,0.021,s5_m5000,5,5000,25000,A,110,0.05993819768268393,0.2794069025732442,14257,False,104.94966909899813
1,0.021,s50_m200,50,200,10000,B,101,0.07577868570760436,0.24949802657465647,10000,True,73.25761837100436
1,0.021,s50_m200,50,200,10000,B,102,0.07709245901464169,0.2501824228433649,10000,True,73.33728244699887
1,0.021,s50_m200,50,200,10000,B,103,0.0751982438545357,0.24952315587954244,9982,False,71.48057086799963
1,0.021,s50_m200,50,200,10000,B,104,0.07506142633376722,0.24955501485249587,10000,True,71.43325016200106
1,0.021,s50_m200,50,200,10000,B,105,0.06794753164023655,0.2600718942762261,10000,True,71.8973505219983
1,0.021,s50_m200,50,200,10000,B,106,0.0756386634425469,0.24948793028030714,9995,False,71.56851551800355
1,0.021,s50_m200,50,200,10000,B,107,0.07447937284599082,0.2497905173781615,10000,True,67.26817590000428
1,0.021,s50_m200,50,200,10000,B,108,0.07573020031974904,0.24949343717452688,9834,False,71.18887981399894
1,0.021,s50_m200,50,200,10000,B,109,0.07659995241415533,0.24977262958721747,9994,False,72.60917713199888
1,0.021,s50_m200,50,200,10000,B,110,0.0752775387569589,0.24951051886806896,9959,False,73.16305922700121
1,0.021,s10_m1000,10,1000,10000,B,101,0.07562324425753127,0.2494874936733592,9019,False,66.16192829799547
1,0.021,s10_m1000,10,1000,10000,B,102,0.07552914536753526,0.24948755878004036,8009,False,61.0030417789967
1,0.021,s10_m1000,10,1000,10000,B,103,0.07598523219640892,0.24953074387746121,7901,False,58.184071867995954
1,0.021,s10_m1000,10,1000,10000,B,104,0.07553051300442286,0.24948753801393753,7110,False,54.060390908001864
1,0.021,s10_m1000,10,1000,10000,B,105,0.06563804339180256,0.267191830997336,8653,False,67.0720330289987
1,0.021,s10_m1000,10,1000,10000,B,106,0.07545866047902447,0.249490581330433,8189,False,64.4908083679984
1,0.021,s10_m1000,10,1000,10000,B,107,0.07552849743563128,0.24948756546928585,8606,False,68.90907979499752
1,0.021,s10_m1000,10,1000,10000,B,108,0.06565281101194617,0.267190294642464,9098,False,71.15958947799663
1,0.021,s10_m1000,10,1000,10000,B,109,0.0755175441660961,0.2494878986531942,8845,False,79.03766176600038
1,0.021,s10_m1000,10,1000,10000,B,110,0.07564268027791568,0.2494881312545585,8775,False,78.9140058050034
1,0.021,s2_m5000,2,5000,10000,B,101,0.05243110678223839,0.3490222509210093,3891,False,35.17891908100137
1,0.021,s2_m5000,2,5000,10000,B,102,0.026123013048406758,0.5592451759975013,1442,False,12.18107034899731
1,0.021,s2_m5000,2,5000,10000,B,103,0.029078007814911024,0.5045132326424098,612,False,5.909937399999762
1,0.021,s2_m5000,2,5000,10000,B,104,0.06562084840627257,0.26719407840702314,2610,False,23.01652008199744
1,0.021,s2_m5000,2,5000,10000,B,105,0.06563804339180256,0.267191830997336,1327,False,11.447114711001632
1,0.021,s2_m5000,2,5000,10000,B,106,0.05245254008986679,0.34900909971078653,8001,False,61.724819508999644
1,0.021,s2_m5000,2,5000,10000,B,107,0.05264966747209967,0.34901983493567723,4477,False,33.01192895699933
1,0.021,s2_m5000,2,5000,10000,B,108,0.06574497917382463,0.26718984880482344,2201,False,16.37167334800324
1,0.021,s2_m5000,2,5000,10000,B,109,0.0656437928167132,0.26719120896203874,5934,False,44.14892628799862
1,0.021,s2_m5000,2,5000,10000,B,110,0.05993819768268393,0.2794069025732442,6955,False,50.90066268699593
1,0.03,s5_m200,5,200,1000,A,101,0.06159499418645908,0.4678525983994427,1000,True,7.362805538003158
1,0.03,s5_m200,5,200,1000,A,102,0.053639326631235176,0.464733347196696,1000,True,7.527126414002851
1,0.03,s5_m200,5,200,1000,A,103,0.04396673119531427,0.5141102595204159,1000,True,7.59067880299699
1,0.03,s5_m200,5,200,1000,A,104,0.07572033649537321,0.34481821564773374,994,False,7.437372993997997
1,0.03,s5_m200,5,200,1000,A,105,0.06990909406192221,0.3784391930916713,1000,True,7.504185172001598
1,0.03,s5_m200,5,200,1000,A,106,0.060710286696605095,0.442339037302123,985,False,7.386076126000262
1,0.03,s5_m200,5,200,1000,A,107,0.04912864362386589,0.4980854836216877,948,False,7.076761076998082
1,0.03,s5_m200,5,200,1000,A,108,0.06789645576379791,0.3714017864983362,937,False,7.483388504995673
1,0.03,s5_m200,5,200,1000,A,109,0.04581157919434584,0.5030580301089032,985,False,7.940700079998351
1,0.03,s5_m200,5,200,1000,A,110,0.061096114373213536,0.4149758926390319,1000,True,8.216035149001982
1,0.03,s5_m1000,5,1000,5000,A,101,0.06904005223681911,0.3705372090592711,3906,False,33.68013579700346
1,0.03,s5_m1000,5,1000,5000,A,102,0.05390678215282797,0.4645342912115913,3453,False,29.895970215999114
1,0.03,s5_m1000,5,1000,5000,A,103,0.04305180067476891,0.5063791748553698,3830,False,32.310524897002324
1,0.03,s5_m1000,5,1000,5000,A,104,0.07572033649537321,0.34481821564773374,2749,False,23.644058790996496
1,0.03,s5_m1000,5,1000,5000,A,105,0.06900891173227988,0.3705300084288915,2225,False,18.972901727000135
1,0.03,s5_m1000,5,1000,5000,A,106,0.07563531409682549,0.3448182763886767,3824,False,34.47961555299844
1,0.03,s5_m1000,5,1000,5000,A,107,0.06365082228006692,0.38991015375955096,3385,False,28.723851183996885
1,0.03,s5_m1000,5,1000,5000,A,108,0.06891117092962057,0.37052575300530666,1666,False,12.769061664002948
1,0.03,s5_m1000,5,1000,5000,A,109,0.04597214663487185,0.4870512242605596,3457,False,25.474914350998006
1,0.03,s5_m1000,5,1000,5000,A,110,0.06403320579503566,0.4076701975848991,4410,False,32.62040489100036
1,0.03,s5_m5000,5,5000,25000,A,101,0.06897974561218846,0.3705262318088717,6865,False,57.54974691499956
1,0.03,s5_m5000,5,5000,25000,A,102,0.05390678215282797,0.4645342912115913,3966,False,33.53909751899482
1,0.03,s5_m5000,5,5000,25000,A,103,0.04303362345499342,0.5063599491877018,6731,False,52.171809535997454
1,0.03,s5_m5000,5,5000,25000,A,104,0.07572033649537321,0.34481821564773374,3152,False,23.252133450994734
1,0.03,s5_m5000,5,5000,25000,A,105,0.06900891173227988,0.3705300084288915,2225,False,16.704479400003038
1,0.03,s5_m5000,5,5000,25000,A,106,0.07563531409682549,0.3448182763886767,4814,False,35.750594133998675
1,0.03,s5_m5000,5,5000,25000,A,107,0.06365082228006692,0.38991015375955096,3472,False,25.740957007998077
1,0.03,s5_m5000,5,5000,25000,A,108,0.06891117092962057,0.37052575300530666,1666,False,12.536547208997945
1,0.03,s5_m5000,5,5000,25000,A,109,0.04594988034032066,0.48703506752490333,4681,False,36.06821793800191
1,0.03,s5_m5000,5,5000,25000,A,110,0.06422560553678294,0.4075628638163046,7101,False,59.46864285400079
1,0.03,s50_m200,50,200,10000,B,101,0.0766602052190132,0.34518873684562923,9897,False,90.92439569399721
1,0.03,s50_m200,50,200,10000,B,102,0.07563707343648306,0.34481813435418895,9896,False,95.13639484300074
1,0.03,s50_m200,50,200,10000,B,103,0.07367195337900154,0.34634084681830335,9756,False,89.40610411899979
1,0.03,s50_m200,50,200,10000,B,104,0.07572033649537321,0.34481821564773374,9849,False,84.67266347000259
1,0.03,s50_m200,50,200,10000,B,105,0.07002008800771324,0.3755175350390515,9949,False,83.64201040600165
1,0.03,s50_m200,50,200,10000,B,106,0.07570442341279697,0.34481785117043895,9908,False,86.14879717999429
1,0.03,s50_m200,50,200,10000,B,107,0.0758170670019411,0.34482480372070057,9562,False,83.86789549799869
1,0.03,s50_m200,50,200,10000,B,108,0.0756981487012026,0.3448177176009717,9915,False,77.57488757100509
1,0.03,s50_m200,50,200,10000,B,109,0.07573210112269695,0.3448190393697783,9731,False,76.7587367810047
1,0.03,s50_m200,50,200,10000,B,110,0.07532434302780111,0.3448623768592084,9888,False,81.19301237099717
1,0.03,s10_m1000,10,1000,10000,B,101,0.07571808974448664,0.3448181650637422,7159,False,60.647099082998466
1,0.03,s10_m1000,10,1000,10000,B,102,0.06889052755995508,0.3705279764033145,7325,False,58.55183513100201
1,0.03,s10_m1000,10,1000,10000,B,103,0.05356154955863902,0.4734134159434553,6490,False,47.61814034100098
1,0.03,s10_m1000,10,1000,10000,B,104,0.07572033649537321,0.34481821564773374,5598,False,45.99690157099394
1,0.03,s10_m1000,10,1000,10000,B,105,0.06900891173227988,0.3705300084288915,5921,False,44.66178566400049
1,0.03,s10_m1000,10,1000,10000,B,106,0.07563531409682549,0.3448182763886767,6929,False,58.98210401899996
1,0.03,s10_m1000,10,1000,10000,B,107,0.06365082228006692,0.38991015375955096,7622,False,63.14667166900472
1,0.03,s10_m1000,10,1000,10000,B,108,0.0756981487012026,0.3448177176009717,4206,False,39.69814690599742
1,0.03,s10_m1000,10,1000,10000,B,109,0.07560784386871536,0.3448193223812278,7056,False,55.802265489001
1,0.03,s10_m1000,10,1000,10000,B,110,0.06897786092653942,0.3705261119752692,7540,False,60.51522110400401
1,0.03,s2_m5000,2,5000,10000,B,101,0.06897974561218846,0.3705262318088717,3727,False,27.26803294399724
1,0.03,s2_m5000,2,5000,10000,B,102,0.04298012051249598,0.5063566359175715,1718,False,12.180768403995899
1,0.03,s2_m5000,2,5000,10000,B,103,0.03162980983773883,0.6374969101551016,4787,False,33.48600245399575
1,0.03,s2_m5000,2,5000,10000,B,104,0.06890348255889457,0.3705266736475691,1066,False,7.55970649599476
1,0.03,s2_m5000,2,5000,10000,B,105,0.06900891173227988,0.3705300084288915,1543,False,10.800754935000441
1,0.03,s2_m5000,2,5000,10000,B,106,0.05405291547365065,0.46453345160967463,2977,False,22.264935319995857
1,0.03,s2_m5000,2,5000,10000,B,107,0.04298249863967067,0.506353903775739,2087,False,16.83342975200503
1,0.03,s2_m5000,2,5000,10000,B,108,0.06891117092962057,0.37052575300530666,823,False,6.976820531999692
1,0.03,s2_m5000,2,5000,10000,B,109,0.04594988034032066,0.48703506752490333,1380,False,11.281185384003038
1,0.03,s2_m5000,2,5000,10000,B,110,0.06422560553678294,0.4075628638163046,4049,False,33.85678704900056
